Row Type,Action,Keyword status,Campaign,Ad group,Keyword,Type
Keyword,Add,Enabled,ABK | Search | EN | PPF Installation,PPF Installation Doha,ppf installation qatar,Phrase match
Keyword,Add,Enabled,ABK | Search | EN | PPF Installation,PPF Installation Doha,ppf installation doha,Phrase match
Keyword,Add,Enabled,ABK | Search | EN | PPF Installation,PPF Installation Doha,paint protection film installation,Phrase match
Keyword,Add,Enabled,ABK | Search | EN | PPF Installation,PPF Installation Doha,ppf installation price,Phrase match
Keyword,Add,Enabled,ABK | Search | EN | PPF Installation,PPF Installation Doha,ppf installation cost,Phrase match
Keyword,Add,Enabled,ABK | Search | EN | PPF Installation,PPF Installation Doha,ppf price qatar,Phrase match
Keyword,Add,Enabled,ABK | Search | EN | PPF Installation,PPF Installation Doha,ppf price doha,Phrase match
Keyword,Add,Enabled,ABK | Search | EN | PPF Installation,PPF Installation Doha,car ppf qatar,Phrase match
Keyword,Add,Enabled,ABK | Search | EN | PPF Installation,PPF Installation Doha,car ppf doha,Phrase match
Keyword,Add,Enabled,ABK | Search | EN | PPF Installation,PPF Installation Doha,ppf for car doha,Phrase match
Keyword,Add,Enabled,ABK | Search | EN | PPF Installation,PPF Installation Doha,ppf shop doha,Phrase match
Keyword,Add,Enabled,ABK | Search | EN | PPF Installation,PPF Installation Doha,ppf near me,Phrase match
Keyword,Add,Enabled,ABK | Search | EN | PPF Installation,PPF Installation Doha,paint protection film qatar price,Phrase match
Keyword,Add,Enabled,ABK | Search | EN | PPF Installation,PPF Installation Doha,vtek ppf installation,Phrase match
Keyword,Add,Enabled,ABK | Search | EN | PPF Installation,PPF Installation Doha,vertek ppf installation,Phrase match
Keyword,Add,Enabled,ABK | Search | EN | PPF Installation,Full Body PPF,full body ppf,Phrase match
Keyword,Add,Enabled,ABK | Search | EN | PPF Installation,Full Body PPF,full body ppf qatar,Phrase match
Keyword,Add,Enabled,ABK | Search | EN | PPF Installation,Full Body PPF,full body ppf price,Phrase match
Keyword,Add,Enabled,ABK | Search | EN | PPF Installation,Full Body PPF,full car ppf,Phrase match
Keyword,Add,Enabled,ABK | Search | EN | PPF Installation,Full Body PPF,full body paint protection film,Phrase match
Keyword,Add,Enabled,ABK | Search | EN | PPF Installation,Full Body PPF,full ppf for car,Phrase match
Keyword,Add,Enabled,ABK | Search | EN | PPF Installation,Full Body PPF,ppf whole car,Phrase match
Keyword,Add,Enabled,ABK | Search | EN | PPF Installation,Front PPF,front ppf,Phrase match
Keyword,Add,Enabled,ABK | Search | EN | PPF Installation,Front PPF,front end ppf,Phrase match
Keyword,Add,Enabled,ABK | Search | EN | PPF Installation,Front PPF,full front ppf,Phrase match
Keyword,Add,Enabled,ABK | Search | EN | PPF Installation,Front PPF,bonnet ppf,Phrase match
Keyword,Add,Enabled,ABK | Search | EN | PPF Installation,Front PPF,hood ppf,Phrase match
Keyword,Add,Enabled,ABK | Search | EN | PPF Installation,Front PPF,front bumper ppf,Phrase match
Keyword,Add,Enabled,ABK | Search | EN | PPF Installation,Front PPF,partial ppf,Phrase match
Keyword,Add,Enabled,ABK | Search | AR | PPF Installation,تركيب حماية الطلاء,تركيب حماية الطلاء,Phrase match
Keyword,Add,Enabled,ABK | Search | AR | PPF Installation,تركيب حماية الطلاء,تركيب ppf,Phrase match
Keyword,Add,Enabled,ABK | Search | AR | PPF Installation,تركيب حماية الطلاء,تركيب فيلم حماية,Phrase match
Keyword,Add,Enabled,ABK | Search | AR | PPF Installation,تركيب حماية الطلاء,تركيب حماية السيارة,Phrase match
Keyword,Add,Enabled,ABK | Search | AR | PPF Installation,تركيب حماية الطلاء,سعر تركيب ppf,Phrase match
Keyword,Add,Enabled,ABK | Search | AR | PPF Installation,تركيب حماية الطلاء,سعر حماية ppf,Phrase match
Keyword,Add,Enabled,ABK | Search | AR | PPF Installation,تركيب حماية الطلاء,حماية ppf قطر,Phrase match
Keyword,Add,Enabled,ABK | Search | AR | PPF Installation,تركيب حماية الطلاء,حماية ppf الدوحة,Phrase match
Keyword,Add,Enabled,ABK | Search | AR | PPF Installation,تركيب حماية الطلاء,تركيب vtek,Phrase match
Keyword,Add,Enabled,ABK | Search | AR | PPF Installation,حماية كاملة للسيارة,حماية ppf كاملة,Phrase match
Keyword,Add,Enabled,ABK | Search | AR | PPF Installation,حماية كاملة للسيارة,ppf كامل للسيارة,Phrase match
Keyword,Add,Enabled,ABK | Search | AR | PPF Installation,حماية كاملة للسيارة,حماية كاملة للسيارة,Phrase match
Keyword,Add,Enabled,ABK | Search | AR | PPF Installation,حماية كاملة للسيارة,تغليف حماية كامل,Phrase match
Keyword,Add,Enabled,ABK | Search | AR | PPF Installation,حماية كاملة للسيارة,سعر حماية كاملة للسيارة,Phrase match
