Campaign,Ad Group,Keyword,Match Type,Criterion Type
ABK | Search | EN | B2B Wholesale & Dealers,EN Wholesale Car Care Supply,near me,Phrase,Negative
ABK | Search | EN | B2B Wholesale & Dealers,EN Wholesale Car Care Supply,become a dealer,Phrase,Negative
ABK | Search | EN | B2B Wholesale & Dealers,EN Wholesale Car Care Supply,distributor opportunity,Phrase,Negative
ABK | Search | EN | B2B Wholesale & Dealers,EN Wholesale Car Care Supply,distributorship,Broad,Negative
ABK | Search | EN | B2B Wholesale & Dealers,EN Wholesale Car Care Supply,franchise,Broad,Negative
ABK | Search | EN | B2B Wholesale & Dealers,EN Wholesale Car Care Supply,for sale,Phrase,Negative
ABK | Search | EN | B2B Wholesale & Dealers,EN Wholesale Car Care Supply,car wash equipment,Phrase,Negative
ABK | Search | EN | B2B Wholesale & Dealers,EN Wholesale Car Care Supply,pressure washer,Phrase,Negative
ABK | Search | EN | B2B Wholesale & Dealers,EN Wholesale Car Care Supply,vending machine,Phrase,Negative
ABK | Search | EN | B2B Wholesale & Dealers,EN Become a Dealer - Distributor,car dealership,Phrase,Negative
ABK | Search | EN | B2B Wholesale & Dealers,EN Become a Dealer - Distributor,used cars,Phrase,Negative
ABK | Search | EN | B2B Wholesale & Dealers,EN Become a Dealer - Distributor,car showroom,Phrase,Negative
ABK | Search | EN | B2B Wholesale & Dealers,EN Become a Dealer - Distributor,dealer license,Phrase,Negative
ABK | Search | EN | B2B Wholesale & Dealers,EN Become a Dealer - Distributor,franchise fee,Phrase,Negative
ABK | Search | EN | B2B Wholesale & Dealers,EN Become a Dealer - Distributor,spare parts dealer,Phrase,Negative
ABK | Search | EN | B2B Wholesale & Dealers,EN Become a Dealer - Distributor,tyre dealer,Phrase,Negative
ABK | Search | EN | B2B Wholesale & Dealers,EN Become a Dealer - Distributor,car dealer near me,Phrase,Negative
ABK | Search | EN | B2B Wholesale & Dealers,EN Become a Dealer - Distributor,commercial registration,Phrase,Negative
ABK | Search | EN | B2B Wholesale & Dealers,EN Bulk Car Shampoo - Wash Chemicals,hand car wash,Phrase,Negative
ABK | Search | EN | B2B Wholesale & Dealers,EN Bulk Car Shampoo - Wash Chemicals,car wash machine,Phrase,Negative
ABK | Search | EN | B2B Wholesale & Dealers,EN Bulk Car Shampoo - Wash Chemicals,car wash equipment,Phrase,Negative
ABK | Search | EN | B2B Wholesale & Dealers,EN Bulk Car Shampoo - Wash Chemicals,pressure washer,Phrase,Negative
ABK | Search | EN | B2B Wholesale & Dealers,EN Bulk Car Shampoo - Wash Chemicals,steam wash,Phrase,Negative
ABK | Search | EN | B2B Wholesale & Dealers,EN Bulk Car Shampoo - Wash Chemicals,near me,Phrase,Negative
ABK | Search | EN | B2B Wholesale & Dealers,EN Bulk Car Shampoo - Wash Chemicals,mobile car wash,Phrase,Negative
ABK | Search | EN | B2B Wholesale & Dealers,EN Bulk Car Shampoo - Wash Chemicals,car wash for sale,Phrase,Negative
ABK | Search | EN | B2B Wholesale & Dealers,EN Bulk Car Shampoo - Wash Chemicals,laundry,Broad,Negative
ABK | Search | EN | B2B Wholesale & Dealers,EN PPF Film Rolls - Trade,installation,Broad,Negative
ABK | Search | EN | B2B Wholesale & Dealers,EN PPF Film Rolls - Trade,installation cost,Phrase,Negative
ABK | Search | EN | B2B Wholesale & Dealers,EN PPF Film Rolls - Trade,wrap my car,Phrase,Negative
ABK | Search | EN | B2B Wholesale & Dealers,EN PPF Film Rolls - Trade,near me,Phrase,Negative
ABK | Search | EN | B2B Wholesale & Dealers,EN PPF Film Rolls - Trade,how much to,Phrase,Negative
ABK | Search | EN | B2B Wholesale & Dealers,EN PPF Film Rolls - Trade,cost to wrap,Phrase,Negative
ABK | Search | EN | B2B Wholesale & Dealers,EN PPF Film Rolls - Trade,ppf calculator,Phrase,Negative
ABK | Search | EN | B2B Wholesale & Dealers,EN PPF Film Rolls - Trade,public provident fund,Phrase,Negative
ABK | Search | EN | B2B Wholesale & Dealers,EN PPF Film Rolls - Trade,full body ppf price,Phrase,Negative
ABK | Search | EN | B2B Wholesale & Dealers,EN PPF Film Rolls - Trade,ppf warranty,Phrase,Negative
ABK | Search | EN | B2B Wholesale & Dealers,EN PPF Film Rolls - Trade,ppf thickness,Phrase,Negative
ABK | Search | EN | B2B Wholesale & Dealers,EN PPF Film Rolls - Trade,mil ppf,Phrase,Negative
ABK | Search | EN | B2B Wholesale & Dealers,EN Window Film Rolls - Trade,tinting service,Phrase,Negative
ABK | Search | EN | B2B Wholesale & Dealers,EN Window Film Rolls - Trade,tint my car,Phrase,Negative
ABK | Search | EN | B2B Wholesale & Dealers,EN Window Film Rolls - Trade,car tinting near me,Phrase,Negative
ABK | Search | EN | B2B Wholesale & Dealers,EN Window Film Rolls - Trade,mobile tinting,Phrase,Negative
ABK | Search | EN | B2B Wholesale & Dealers,EN Window Film Rolls - Trade,tint permit,Phrase,Negative
ABK | Search | EN | B2B Wholesale & Dealers,EN Window Film Rolls - Trade,tint law,Phrase,Negative
ABK | Search | EN | B2B Wholesale & Dealers,EN Window Film Rolls - Trade,legal tint,Phrase,Negative
ABK | Search | EN | B2B Wholesale & Dealers,EN Window Film Rolls - Trade,is tint legal,Phrase,Negative
ABK | Search | EN | B2B Wholesale & Dealers,EN Window Film Rolls - Trade,tint limit,Phrase,Negative
ABK | Search | EN | B2B Wholesale & Dealers,EN Window Film Rolls - Trade,vlt percentage,Phrase,Negative
ABK | Search | EN | B2B Wholesale & Dealers,EN Window Film Rolls - Trade,limo tint,Phrase,Negative
ABK | Search | EN | B2B Wholesale & Dealers,EN Window Film Rolls - Trade,reflective tint,Phrase,Negative
ABK | Search | EN | B2B Wholesale & Dealers,EN Window Film Rolls - Trade,tint fine,Phrase,Negative
ABK | Search | EN | B2B Wholesale & Dealers,EN Window Film Rolls - Trade,windshield replacement,Phrase,Negative
ABK | Search | AR | B2B Wholesale & Dealers,AR Wholesale Car Care Supply,تركيب,Broad,Negative
ABK | Search | AR | B2B Wholesale & Dealers,AR Wholesale Car Care Supply,بالقرب مني,Phrase,Negative
ABK | Search | AR | B2B Wholesale & Dealers,AR Wholesale Car Care Supply,افضل مركز,Phrase,Negative
ABK | Search | AR | B2B Wholesale & Dealers,AR Wholesale Car Care Supply,ورشة تلميع,Phrase,Negative
ABK | Search | AR | B2B Wholesale & Dealers,AR Wholesale Car Care Supply,مركز تلميع,Phrase,Negative
ABK | Search | AR | B2B Wholesale & Dealers,AR Wholesale Car Care Supply,خدمة تلميع,Phrase,Negative
ABK | Search | AR | B2B Wholesale & Dealers,AR Wholesale Car Care Supply,للبيع,Broad,Negative
ABK | Search | AR | B2B Wholesale & Dealers,AR Wholesale Car Care Supply,محل للتقبيل,Phrase,Negative
ABK | Search | AR | B2B Wholesale & Dealers,AR Become a Dealer - Distributor,وكيل,Broad,Negative
ABK | Search | AR | B2B Wholesale & Dealers,AR Become a Dealer - Distributor,وكالات السيارات,Phrase,Negative
ABK | Search | AR | B2B Wholesale & Dealers,AR Become a Dealer - Distributor,معرض سيارات,Phrase,Negative
ABK | Search | AR | B2B Wholesale & Dealers,AR Become a Dealer - Distributor,وظائف,Broad,Negative
ABK | Search | AR | B2B Wholesale & Dealers,AR Become a Dealer - Distributor,راتب,Broad,Negative
ABK | Search | AR | B2B Wholesale & Dealers,AR Become a Dealer - Distributor,رخصة تجارية,Phrase,Negative
ABK | Search | AR | B2B Wholesale & Dealers,AR Become a Dealer - Distributor,سجل تجاري,Phrase,Negative
ABK | Search | AR | B2B Wholesale & Dealers,AR Become a Dealer - Distributor,قطع غيار,Phrase,Negative
ABK | Search | AR | B2B Wholesale & Dealers,AR Bulk Car Shampoo - Wash Chemicals,مغسلة سيارات بالقرب مني,Phrase,Negative
ABK | Search | AR | B2B Wholesale & Dealers,AR Bulk Car Shampoo - Wash Chemicals,غسيل سيارات متنقل,Phrase,Negative
ABK | Search | AR | B2B Wholesale & Dealers,AR Bulk Car Shampoo - Wash Chemicals,ماكينة غسيل,Phrase,Negative
ABK | Search | AR | B2B Wholesale & Dealers,AR Bulk Car Shampoo - Wash Chemicals,كرشر,Broad,Negative
ABK | Search | AR | B2B Wholesale & Dealers,AR Bulk Car Shampoo - Wash Chemicals,تنظيف بالبخار,Phrase,Negative
ABK | Search | AR | B2B Wholesale & Dealers,AR Bulk Car Shampoo - Wash Chemicals,شامبو شعر,Phrase,Negative
ABK | Search | AR | B2B Wholesale & Dealers,AR Bulk Car Shampoo - Wash Chemicals,شامبو سجاد,Phrase,Negative
ABK | Search | AR | B2B Wholesale & Dealers,AR Bulk Car Shampoo - Wash Chemicals,مغسلة للبيع,Phrase,Negative
ABK | Search | AR | B2B Wholesale & Dealers,AR PPF Film Rolls - Trade,تركيب فيلم حماية,Phrase,Negative
ABK | Search | AR | B2B Wholesale & Dealers,AR PPF Film Rolls - Trade,تركيب بي بي اف,Phrase,Negative
ABK | Search | AR | B2B Wholesale & Dealers,AR PPF Film Rolls - Trade,اسعار تركيب,Phrase,Negative
ABK | Search | AR | B2B Wholesale & Dealers,AR PPF Film Rolls - Trade,تغليف سيارات,Phrase,Negative
ABK | Search | AR | B2B Wholesale & Dealers,AR PPF Film Rolls - Trade,بالقرب مني,Phrase,Negative
ABK | Search | AR | B2B Wholesale & Dealers,AR PPF Film Rolls - Trade,افضل ورشة,Phrase,Negative
ABK | Search | AR | B2B Wholesale & Dealers,AR PPF Film Rolls - Trade,كم سعر تركيب,Phrase,Negative
ABK | Search | AR | B2B Wholesale & Dealers,AR PPF Film Rolls - Trade,ضمان فيلم الحماية,Phrase,Negative
ABK | Search | AR | B2B Wholesale & Dealers,AR PPF Film Rolls - Trade,خدمة منزلية,Phrase,Negative
ABK | Search | AR | B2B Wholesale & Dealers,AR Window Film Rolls - Trade,تركيب تظليل,Phrase,Negative
ABK | Search | AR | B2B Wholesale & Dealers,AR Window Film Rolls - Trade,تركيب مخفي,Phrase,Negative
ABK | Search | AR | B2B Wholesale & Dealers,AR Window Film Rolls - Trade,تظليل متنقل,Phrase,Negative
ABK | Search | AR | B2B Wholesale & Dealers,AR Window Film Rolls - Trade,محل تظليل,Phrase,Negative
ABK | Search | AR | B2B Wholesale & Dealers,AR Window Film Rolls - Trade,تصريح تظليل,Phrase,Negative
ABK | Search | AR | B2B Wholesale & Dealers,AR Window Film Rolls - Trade,نسبة التظليل,Phrase,Negative
ABK | Search | AR | B2B Wholesale & Dealers,AR Window Film Rolls - Trade,التظليل المسموح,Phrase,Negative
ABK | Search | AR | B2B Wholesale & Dealers,AR Window Film Rolls - Trade,مخالفة تظليل,Phrase,Negative
ABK | Search | AR | B2B Wholesale & Dealers,AR Window Film Rolls - Trade,غرامة تظليل,Phrase,Negative
ABK | Search | AR | B2B Wholesale & Dealers,AR Window Film Rolls - Trade,افضل تظليل,Phrase,Negative
ABK | Search | AR | B2B Wholesale & Dealers,AR Window Film Rolls - Trade,تظليل بالقرب مني,Phrase,Negative
ABK | Search | AR | B2B Wholesale & Dealers,AR Window Film Rolls - Trade,خدمة منزلية,Phrase,Negative
ABK | Search | EN | Autotriz Ceramic Coatings,Ceramic Coating - Buy Product,near me,Phrase,Negative
ABK | Search | EN | Autotriz Ceramic Coatings,Ceramic Coating - Buy Product,ceramic coating service,Phrase,Negative
ABK | Search | EN | Autotriz Ceramic Coatings,Ceramic Coating - Buy Product,ceramic coating cost,Phrase,Negative
ABK | Search | EN | Autotriz Ceramic Coatings,Ceramic Coating - Buy Product,ceramic coating price qatar,Phrase,Negative
ABK | Search | EN | Autotriz Ceramic Coatings,Ceramic Coating - Buy Product,best ceramic coating,Phrase,Negative
ABK | Search | EN | Autotriz Ceramic Coatings,Ceramic Coating - Buy Product,coat my car,Phrase,Negative
ABK | Search | EN | Autotriz Ceramic Coatings,Ceramic Coating - Buy Product,how to apply,Phrase,Negative
ABK | Search | EN | Autotriz Ceramic Coatings,Ceramic Coating - Buy Product,floor coating,Phrase,Negative
ABK | Search | EN | Autotriz Ceramic Coatings,Ceramic Coating - Buy Product,tile coating,Phrase,Negative
ABK | Search | EN | Autotriz Ceramic Coatings,Ceramic Coating - Buy Product,wall coating,Phrase,Negative
ABK | Search | EN | Autotriz Ceramic Coatings,Ceramic Coating - Buy Product,epoxy,Phrase,Negative
ABK | Search | EN | Autotriz Ceramic Coatings,Ceramic Coating - Buy Product,warranty package,Phrase,Negative
ABK | Search | EN | Autotriz Ceramic Coatings,Autotriz Brand and SKU,near me,Phrase,Negative
ABK | Search | EN | Autotriz Ceramic Coatings,Autotriz Brand and SKU,coating service,Phrase,Negative
ABK | Search | EN | Autotriz Ceramic Coatings,Autotriz Brand and SKU,training,Phrase,Negative
ABK | Search | EN | Autotriz Ceramic Coatings,Autotriz Brand and SKU,certification,Phrase,Negative
ABK | Search | EN | Autotriz Ceramic Coatings,Autotriz Brand and SKU,certified installer,Phrase,Negative
ABK | Search | EN | Autotriz Ceramic Coatings,Autotriz Brand and SKU,how to apply,Phrase,Negative
ABK | Search | EN | Autotriz Ceramic Coatings,Autotriz Brand and SKU,price list,Phrase,Negative
ABK | Search | EN | Autotriz Ceramic Coatings,Autotriz Brand and SKU,cheapest,Phrase,Negative
ABK | Search | EN | Autotriz Ceramic Coatings,Autotriz Brand and SKU,jobs,Phrase,Negative
ABK | Search | EN | Autotriz Ceramic Coatings,Autotriz Brand and SKU,franchise,Phrase,Negative
ABK | Search | EN | Autotriz Ceramic Coatings,Trade and Detailer Supply,near me,Phrase,Negative
ABK | Search | EN | Autotriz Ceramic Coatings,Trade and Detailer Supply,jobs,Phrase,Negative
ABK | Search | EN | Autotriz Ceramic Coatings,Trade and Detailer Supply,vacancy,Phrase,Negative
ABK | Search | EN | Autotriz Ceramic Coatings,Trade and Detailer Supply,salary,Phrase,Negative
ABK | Search | EN | Autotriz Ceramic Coatings,Trade and Detailer Supply,detailing course,Phrase,Negative
ABK | Search | EN | Autotriz Ceramic Coatings,Trade and Detailer Supply,training,Phrase,Negative
ABK | Search | EN | Autotriz Ceramic Coatings,Trade and Detailer Supply,detailing service,Phrase,Negative
ABK | Search | EN | Autotriz Ceramic Coatings,Trade and Detailer Supply,car dealership,Phrase,Negative
ABK | Search | EN | Autotriz Ceramic Coatings,Trade and Detailer Supply,manufacturer in china,Phrase,Negative
ABK | Search | EN | Autotriz Ceramic Coatings,Trade and Detailer Supply,private label manufacturer,Phrase,Negative
ABK | Search | EN | Autotriz Ceramic Coatings,Fabric and Textile Coating,sofa,Phrase,Negative
ABK | Search | EN | Autotriz Ceramic Coatings,Fabric and Textile Coating,furniture,Phrase,Negative
ABK | Search | EN | Autotriz Ceramic Coatings,Fabric and Textile Coating,curtains,Phrase,Negative
ABK | Search | EN | Autotriz Ceramic Coatings,Fabric and Textile Coating,mattress,Phrase,Negative
ABK | Search | EN | Autotriz Ceramic Coatings,Fabric and Textile Coating,clothes,Phrase,Negative
ABK | Search | EN | Autotriz Ceramic Coatings,Fabric and Textile Coating,shoes,Phrase,Negative
ABK | Search | EN | Autotriz Ceramic Coatings,Fabric and Textile Coating,carpet cleaning,Phrase,Negative
ABK | Search | EN | Autotriz Ceramic Coatings,Fabric and Textile Coating,upholstery cleaning,Phrase,Negative
ABK | Search | EN | Autotriz Ceramic Coatings,Fabric and Textile Coating,cleaning service,Phrase,Negative
ABK | Search | EN | Autotriz Ceramic Coatings,Fabric and Textile Coating,near me,Phrase,Negative
ABK | Search | EN | Autotriz Ceramic Coatings,Fabric and Textile Coating,scotchgard,Phrase,Negative
ABK | Search | EN | Autotriz Ceramic Coatings,Fabric and Textile Coating,how to clean,Phrase,Negative
ABK | Search | EN | Autotriz Ceramic Coatings,One Step Finish Polish,polishing service,Phrase,Negative
ABK | Search | EN | Autotriz Ceramic Coatings,One Step Finish Polish,polish my car,Phrase,Negative
ABK | Search | EN | Autotriz Ceramic Coatings,One Step Finish Polish,buffing service,Phrase,Negative
ABK | Search | EN | Autotriz Ceramic Coatings,One Step Finish Polish,paint correction service,Phrase,Negative
ABK | Search | EN | Autotriz Ceramic Coatings,One Step Finish Polish,near me,Phrase,Negative
ABK | Search | EN | Autotriz Ceramic Coatings,One Step Finish Polish,nail polish,Phrase,Negative
ABK | Search | EN | Autotriz Ceramic Coatings,One Step Finish Polish,shoe polish,Phrase,Negative
ABK | Search | EN | Autotriz Ceramic Coatings,One Step Finish Polish,polish visa,Phrase,Negative
ABK | Search | EN | Autotriz Ceramic Coatings,One Step Finish Polish,poland,Phrase,Negative
ABK | Search | EN | Autotriz Ceramic Coatings,One Step Finish Polish,floor polish,Phrase,Negative
ABK | Search | EN | Autotriz Ceramic Coatings,One Step Finish Polish,marble polish,Phrase,Negative
ABK | Search | EN | Autotriz Ceramic Coatings,One Step Finish Polish,wood polish,Phrase,Negative
ABK | Search | AR | Autotriz Ceramic Coatings,AR - Ceramic Coating Purchase,تركيب نانو سيراميك,Phrase,Negative
ABK | Search | AR | Autotriz Ceramic Coatings,AR - Ceramic Coating Purchase,تركيب سيراميك,Phrase,Negative
ABK | Search | AR | Autotriz Ceramic Coatings,AR - Ceramic Coating Purchase,سعر النانو سيراميك,Phrase,Negative
ABK | Search | AR | Autotriz Ceramic Coatings,AR - Ceramic Coating Purchase,بالقرب مني,Phrase,Negative
ABK | Search | AR | Autotriz Ceramic Coatings,AR - Ceramic Coating Purchase,افضل مركز,Phrase,Negative
ABK | Search | AR | Autotriz Ceramic Coatings,AR - Ceramic Coating Purchase,مركز نانو سيراميك,Phrase,Negative
ABK | Search | AR | Autotriz Ceramic Coatings,AR - Ceramic Coating Purchase,كم سعر,Phrase,Negative
ABK | Search | AR | Autotriz Ceramic Coatings,AR - Ceramic Coating Purchase,طريقة استخدام,Phrase,Negative
ABK | Search | AR | Autotriz Ceramic Coatings,AR - Ceramic Coating Purchase,نانو سيراميك للمنازل,Phrase,Negative
ABK | Search | AR | Autotriz Ceramic Coatings,AR - Ceramic Coating Purchase,عزل اسطح,Phrase,Negative
ABK | Search | AR | Autotriz Ceramic Coatings,AR - Autotriz Brand,تركيب سيراميك,Phrase,Negative
ABK | Search | AR | Autotriz Ceramic Coatings,AR - Autotriz Brand,بالقرب مني,Phrase,Negative
ABK | Search | AR | Autotriz Ceramic Coatings,AR - Autotriz Brand,دورة تدريبية,Phrase,Negative
ABK | Search | AR | Autotriz Ceramic Coatings,AR - Autotriz Brand,شهادة,Phrase,Negative
ABK | Search | AR | Autotriz Ceramic Coatings,AR - Autotriz Brand,وظائف,Phrase,Negative
ABK | Search | AR | Autotriz Ceramic Coatings,AR - Autotriz Brand,كم سعر,Phrase,Negative
ABK | Search | AR | Autotriz Ceramic Coatings,AR - Autotriz Brand,ارخص,Phrase,Negative
ABK | Search | AR | Autotriz Ceramic Coatings,AR - Autotriz Brand,مركز خدمة,Phrase,Negative
ABK | Search | AR | Autotriz Ceramic Coatings,AR - Wholesale and Distributors,بالقرب مني,Phrase,Negative
ABK | Search | AR | Autotriz Ceramic Coatings,AR - Wholesale and Distributors,وظائف,Phrase,Negative
ABK | Search | AR | Autotriz Ceramic Coatings,AR - Wholesale and Distributors,راتب,Phrase,Negative
ABK | Search | AR | Autotriz Ceramic Coatings,AR - Wholesale and Distributors,مستعمل,Phrase,Negative
ABK | Search | AR | Autotriz Ceramic Coatings,AR - Wholesale and Distributors,للايجار,Phrase,Negative
ABK | Search | AR | Autotriz Ceramic Coatings,AR - Wholesale and Distributors,وكيل سيارات,Phrase,Negative
ABK | Search | AR | Autotriz Ceramic Coatings,AR - Wholesale and Distributors,قطع غيار,Phrase,Negative
ABK | Search | AR | Autotriz Ceramic Coatings,AR - Wholesale and Distributors,دورة تدريبية,Phrase,Negative
ABK | Search | AR | Autotriz Ceramic Coatings,AR - Fabric and Textile Coating,تنظيف كنب,Phrase,Negative
ABK | Search | AR | Autotriz Ceramic Coatings,AR - Fabric and Textile Coating,تنظيف سجاد,Phrase,Negative
ABK | Search | AR | Autotriz Ceramic Coatings,AR - Fabric and Textile Coating,غسيل مقاعد,Phrase,Negative
ABK | Search | AR | Autotriz Ceramic Coatings,AR - Fabric and Textile Coating,بالقرب مني,Phrase,Negative
ABK | Search | AR | Autotriz Ceramic Coatings,AR - Fabric and Textile Coating,شركة تنظيف,Phrase,Negative
ABK | Search | AR | Autotriz Ceramic Coatings,AR - Fabric and Textile Coating,ستائر,Phrase,Negative
ABK | Search | AR | Autotriz Ceramic Coatings,AR - Fabric and Textile Coating,ملابس,Phrase,Negative
ABK | Search | AR | Autotriz Ceramic Coatings,AR - Fabric and Textile Coating,اثاث,Phrase,Negative
ABK | Search | AR | Autotriz Ceramic Coatings,AR - One Step Polish,تلميع سيارات,Phrase,Negative
ABK | Search | AR | Autotriz Ceramic Coatings,AR - One Step Polish,خدمة تلميع,Phrase,Negative
ABK | Search | AR | Autotriz Ceramic Coatings,AR - One Step Polish,تلميع بالبيت,Phrase,Negative
ABK | Search | AR | Autotriz Ceramic Coatings,AR - One Step Polish,بوليش متنقل,Phrase,Negative
ABK | Search | AR | Autotriz Ceramic Coatings,AR - One Step Polish,بالقرب مني,Phrase,Negative
ABK | Search | AR | Autotriz Ceramic Coatings,AR - One Step Polish,افضل ورشة,Phrase,Negative
ABK | Search | AR | Autotriz Ceramic Coatings,AR - One Step Polish,تلميع رخام,Phrase,Negative
ABK | Search | AR | Autotriz Ceramic Coatings,AR - One Step Polish,تلميع اظافر,Phrase,Negative
ABK | Search | AR | Autotriz Ceramic Coatings,AR - One Step Polish,سمكرة,Phrase,Negative
ABK | Search | AR | Autotriz Ceramic Coatings,AR - One Step Polish,كم سعر,Phrase,Negative
ABK | Search | EN | Interior & Fragrance,EN - Interior Cleaner (Briller MPC),interior detailing,Phrase,Negative
ABK | Search | EN | Interior & Fragrance,EN - Interior Cleaner (Briller MPC),steam cleaning,Phrase,Negative
ABK | Search | EN | Interior & Fragrance,EN - Interior Cleaner (Briller MPC),sofa cleaning,Phrase,Negative
ABK | Search | EN | Interior & Fragrance,EN - Interior Cleaner (Briller MPC),house cleaning,Phrase,Negative
ABK | Search | EN | Interior & Fragrance,EN - Interior Cleaner (Briller MPC),vacuum cleaner,Phrase,Negative
ABK | Search | EN | Interior & Fragrance,EN - Interior Cleaner (Briller MPC),cleaning company,Phrase,Negative
ABK | Search | EN | Interior & Fragrance,EN - Interior Cleaner (Briller MPC),maid,Phrase,Negative
ABK | Search | EN | Interior & Fragrance,EN - Interior Cleaner (Briller MPC),carpet cleaning machine,Phrase,Negative
ABK | Search | EN | Interior & Fragrance,EN - Leather & Vinyl Coating (Autotriz),seat cover,Phrase,Negative
ABK | Search | EN | Interior & Fragrance,EN - Leather & Vinyl Coating (Autotriz),seat covers,Phrase,Negative
ABK | Search | EN | Interior & Fragrance,EN - Leather & Vinyl Coating (Autotriz),upholstery shop,Phrase,Negative
ABK | Search | EN | Interior & Fragrance,EN - Leather & Vinyl Coating (Autotriz),leather repair,Phrase,Negative
ABK | Search | EN | Interior & Fragrance,EN - Leather & Vinyl Coating (Autotriz),leather dye,Phrase,Negative
ABK | Search | EN | Interior & Fragrance,EN - Leather & Vinyl Coating (Autotriz),sofa,Phrase,Negative
ABK | Search | EN | Interior & Fragrance,EN - Leather & Vinyl Coating (Autotriz),furniture,Phrase,Negative
ABK | Search | EN | Interior & Fragrance,EN - Leather & Vinyl Coating (Autotriz),shoes,Phrase,Negative
ABK | Search | EN | Interior & Fragrance,EN - Leather & Vinyl Coating (Autotriz),jacket,Phrase,Negative
ABK | Search | EN | Interior & Fragrance,EN - Leather & Vinyl Coating (Autotriz),handbag,Phrase,Negative
ABK | Search | EN | Interior & Fragrance,EN - Fabric & Upholstery Coating (Autotriz),sofa,Phrase,Negative
ABK | Search | EN | Interior & Fragrance,EN - Fabric & Upholstery Coating (Autotriz),couch,Phrase,Negative
ABK | Search | EN | Interior & Fragrance,EN - Fabric & Upholstery Coating (Autotriz),curtain,Phrase,Negative
ABK | Search | EN | Interior & Fragrance,EN - Fabric & Upholstery Coating (Autotriz),clothing,Phrase,Negative
ABK | Search | EN | Interior & Fragrance,EN - Fabric & Upholstery Coating (Autotriz),carpet cleaning,Phrase,Negative
ABK | Search | EN | Interior & Fragrance,EN - Fabric & Upholstery Coating (Autotriz),tent,Phrase,Negative
ABK | Search | EN | Interior & Fragrance,EN - Fabric & Upholstery Coating (Autotriz),waterproofing for shoes,Phrase,Negative
ABK | Search | EN | Interior & Fragrance,EN - Fabric & Upholstery Coating (Autotriz),fabric shop,Phrase,Negative
ABK | Search | EN | Interior & Fragrance,EN - ABK Home Fragrance,car perfume,Phrase,Negative
ABK | Search | EN | Interior & Fragrance,EN - ABK Home Fragrance,car air freshener,Phrase,Negative
ABK | Search | EN | Interior & Fragrance,EN - ABK Home Fragrance,car freshener,Phrase,Negative
ABK | Search | EN | Interior & Fragrance,EN - ABK Home Fragrance,candle,Phrase,Negative
ABK | Search | EN | Interior & Fragrance,EN - ABK Home Fragrance,wax melt,Phrase,Negative
ABK | Search | EN | Interior & Fragrance,EN - ABK Home Fragrance,reed diffuser,Phrase,Negative
ABK | Search | EN | Interior & Fragrance,EN - ABK Home Fragrance,electric diffuser,Phrase,Negative
ABK | Search | EN | Interior & Fragrance,EN - ABK Home Fragrance,essential oil,Phrase,Negative
ABK | Search | EN | Interior & Fragrance,EN - ABK Home Fragrance,incense burner,Phrase,Negative
ABK | Search | EN | Interior & Fragrance,EN - ABK Home Fragrance,bakhoor burner,Phrase,Negative
ABK | Search | EN | Interior & Fragrance,EN - ABK Home Fragrance,perfume for men,Phrase,Negative
ABK | Search | EN | Interior & Fragrance,EN - ABK Home Fragrance,perfume for women,Phrase,Negative
ABK | Search | EN | Interior & Fragrance,EN - ABK Home Fragrance,body spray,Phrase,Negative
ABK | Search | EN | Interior & Fragrance,EN - ABK Home Fragrance,air freshener refill,Phrase,Negative
ABK | Search | EN | Interior & Fragrance,EN - Sticker & Adhesive Remover,nail polish remover,Phrase,Negative
ABK | Search | EN | Interior & Fragrance,EN - Sticker & Adhesive Remover,tattoo removal,Phrase,Negative
ABK | Search | EN | Interior & Fragrance,EN - Sticker & Adhesive Remover,wallpaper,Phrase,Negative
ABK | Search | EN | Interior & Fragrance,EN - Sticker & Adhesive Remover,wall sticker,Phrase,Negative
ABK | Search | EN | Interior & Fragrance,EN - Sticker & Adhesive Remover,eyelash,Phrase,Negative
ABK | Search | EN | Interior & Fragrance,EN - Sticker & Adhesive Remover,hair removal,Phrase,Negative
ABK | Search | EN | Interior & Fragrance,EN - Sticker & Adhesive Remover,sticker printing,Phrase,Negative
ABK | Search | EN | Interior & Fragrance,EN - Sticker & Adhesive Remover,custom stickers,Phrase,Negative
ABK | Search | AR | Interior & Fragrance,AR - منظف الداخلية,تنظيف سيارات بالبيت,Phrase,Negative
ABK | Search | AR | Interior & Fragrance,AR - منظف الداخلية,غسيل سيارات متنقل,Phrase,Negative
ABK | Search | AR | Interior & Fragrance,AR - منظف الداخلية,فك الكراسي,Phrase,Negative
ABK | Search | AR | Interior & Fragrance,AR - منظف الداخلية,شركة تنظيف,Phrase,Negative
ABK | Search | AR | Interior & Fragrance,AR - منظف الداخلية,تنظيف منازل,Phrase,Negative
ABK | Search | AR | Interior & Fragrance,AR - منظف الداخلية,مركز تلميع,Phrase,Negative
ABK | Search | AR | Interior & Fragrance,AR - منظف الداخلية,مغسلة سيارات بالقرب مني,Phrase,Negative
ABK | Search | AR | Interior & Fragrance,AR - منظف الداخلية,مكنسة كهربائية,Phrase,Negative
ABK | Search | AR | Interior & Fragrance,AR - سيراميك الجلد والفينيل,تنجيد سيارات,Phrase,Negative
ABK | Search | AR | Interior & Fragrance,AR - سيراميك الجلد والفينيل,تنجيد,Phrase,Negative
ABK | Search | AR | Interior & Fragrance,AR - سيراميك الجلد والفينيل,كنب,Phrase,Negative
ABK | Search | AR | Interior & Fragrance,AR - سيراميك الجلد والفينيل,صبغ الجلد,Phrase,Negative
ABK | Search | AR | Interior & Fragrance,AR - سيراميك الجلد والفينيل,اصلاح الجلد,Phrase,Negative
ABK | Search | AR | Interior & Fragrance,AR - سيراميك الجلد والفينيل,احذية,Phrase,Negative
ABK | Search | AR | Interior & Fragrance,AR - سيراميك الجلد والفينيل,حقائب,Phrase,Negative
ABK | Search | AR | Interior & Fragrance,AR - سيراميك الجلد والفينيل,كفرات مقاعد,Phrase,Negative
ABK | Search | AR | Interior & Fragrance,AR - حماية الأقمشة,كنب,Phrase,Negative
ABK | Search | AR | Interior & Fragrance,AR - حماية الأقمشة,ستائر,Phrase,Negative
ABK | Search | AR | Interior & Fragrance,AR - حماية الأقمشة,ملابس,Phrase,Negative
ABK | Search | AR | Interior & Fragrance,AR - حماية الأقمشة,تنظيف سجاد,Phrase,Negative
ABK | Search | AR | Interior & Fragrance,AR - حماية الأقمشة,شركة تنظيف,Phrase,Negative
ABK | Search | AR | Interior & Fragrance,AR - حماية الأقمشة,محل اقمشة,Phrase,Negative
ABK | Search | AR | Interior & Fragrance,AR - حماية الأقمشة,خيمة,Phrase,Negative
ABK | Search | AR | Interior & Fragrance,AR - معطرات المنزل ABK,معطر سيارة,Phrase,Negative
ABK | Search | AR | Interior & Fragrance,AR - معطرات المنزل ABK,معطرات السيارة,Phrase,Negative
ABK | Search | AR | Interior & Fragrance,AR - معطرات المنزل ABK,بخور,Phrase,Negative
ABK | Search | AR | Interior & Fragrance,AR - معطرات المنزل ABK,عود,Phrase,Negative
ABK | Search | AR | Interior & Fragrance,AR - معطرات المنزل ABK,مبخرة,Phrase,Negative
ABK | Search | AR | Interior & Fragrance,AR - معطرات المنزل ABK,شموع,Phrase,Negative
ABK | Search | AR | Interior & Fragrance,AR - معطرات المنزل ABK,شمعة,Phrase,Negative
ABK | Search | AR | Interior & Fragrance,AR - معطرات المنزل ABK,ديفيوزر,Phrase,Negative
ABK | Search | AR | Interior & Fragrance,AR - معطرات المنزل ABK,زيوت عطرية,Phrase,Negative
ABK | Search | AR | Interior & Fragrance,AR - معطرات المنزل ABK,عطر رجالي,Phrase,Negative
ABK | Search | AR | Interior & Fragrance,AR - معطرات المنزل ABK,عطر نسائي,Phrase,Negative
ABK | Search | AR | Interior & Fragrance,AR - معطرات المنزل ABK,معطر جسم,Phrase,Negative
ABK | Search | AR | Interior & Fragrance,AR - مزيل الملصقات,ازالة الوشم,Phrase,Negative
ABK | Search | AR | Interior & Fragrance,AR - مزيل الملصقات,مزيل طلاء الاظافر,Phrase,Negative
ABK | Search | AR | Interior & Fragrance,AR - مزيل الملصقات,ورق الجدران,Phrase,Negative
ABK | Search | AR | Interior & Fragrance,AR - مزيل الملصقات,مزيل شعر,Phrase,Negative
ABK | Search | AR | Interior & Fragrance,AR - مزيل الملصقات,طباعة ملصقات,Phrase,Negative
ABK | Search | AR | Interior & Fragrance,AR - مزيل الملصقات,ملصقات جدارية,Phrase,Negative
ABK | Search | AR | Interior & Fragrance,AR - مزيل الملصقات,رموش,Phrase,Negative
ABK | Search | EN | Autotriz Compounds & Shampoo,Cutting Compound - Heavy Cut 901,one step,Phrase,Negative
ABK | Search | EN | Autotriz Compounds & Shampoo,Cutting Compound - Heavy Cut 901,shampoo,Broad,Negative
ABK | Search | EN | Autotriz Compounds & Shampoo,Cutting Compound - Heavy Cut 901,power cut 701,Phrase,Negative
ABK | Search | EN | Autotriz Compounds & Shampoo,Cutting Compound - Heavy Cut 901,ultimate polish,Phrase,Negative
ABK | Search | EN | Autotriz Compounds & Shampoo,Cutting Compound - Heavy Cut 901,compound villa,Phrase,Negative
ABK | Search | EN | Autotriz Compounds & Shampoo,Cutting Compound - Heavy Cut 901,compound for rent,Phrase,Negative
ABK | Search | EN | Autotriz Compounds & Shampoo,Polishing Compound - Power Cut 701,heavy cut,Phrase,Negative
ABK | Search | EN | Autotriz Compounds & Shampoo,Polishing Compound - Power Cut 701,one step,Phrase,Negative
ABK | Search | EN | Autotriz Compounds & Shampoo,Polishing Compound - Power Cut 701,shampoo,Broad,Negative
ABK | Search | EN | Autotriz Compounds & Shampoo,Polishing Compound - Power Cut 701,power cut today,Phrase,Negative
ABK | Search | EN | Autotriz Compounds & Shampoo,Polishing Compound - Power Cut 701,power cut in,Phrase,Negative
ABK | Search | EN | Autotriz Compounds & Shampoo,Polishing Compound - Power Cut 701,power outage,Phrase,Negative
ABK | Search | EN | Autotriz Compounds & Shampoo,Polishing Compound - Power Cut 701,electricity,Broad,Negative
ABK | Search | EN | Autotriz Compounds & Shampoo,Polishing Compound - Power Cut 701,kahramaa,Broad,Negative
ABK | Search | EN | Autotriz Compounds & Shampoo,Finishing Polish - Ultimate Polish 302,heavy cut,Phrase,Negative
ABK | Search | EN | Autotriz Compounds & Shampoo,Finishing Polish - Ultimate Polish 302,power cut,Phrase,Negative
ABK | Search | EN | Autotriz Compounds & Shampoo,Finishing Polish - Ultimate Polish 302,one step,Phrase,Negative
ABK | Search | EN | Autotriz Compounds & Shampoo,Finishing Polish - Ultimate Polish 302,swirl remover,Phrase,Negative
ABK | Search | EN | Autotriz Compounds & Shampoo,Finishing Polish - Ultimate Polish 302,shampoo,Broad,Negative
ABK | Search | EN | Autotriz Compounds & Shampoo,Finishing Polish - Ultimate Polish 302,polishing service,Phrase,Negative
ABK | Search | EN | Autotriz Compounds & Shampoo,One Step Polish - One Step Finish,heavy cut,Phrase,Negative
ABK | Search | EN | Autotriz Compounds & Shampoo,One Step Polish - One Step Finish,power cut,Phrase,Negative
ABK | Search | EN | Autotriz Compounds & Shampoo,One Step Polish - One Step Finish,shampoo,Broad,Negative
ABK | Search | EN | Autotriz Compounds & Shampoo,One Step Polish - One Step Finish,scratch repair,Phrase,Negative
ABK | Search | EN | Autotriz Compounds & Shampoo,One Step Polish - One Step Finish,dent removal,Phrase,Negative
ABK | Search | EN | Autotriz Compounds & Shampoo,One Step Polish - One Step Finish,polishing service,Phrase,Negative
ABK | Search | EN | Autotriz Compounds & Shampoo,Rich Foam Shampoo - 20L Trade Pack,compound,Broad,Negative
ABK | Search | EN | Autotriz Compounds & Shampoo,Rich Foam Shampoo - 20L Trade Pack,polish,Broad,Negative
ABK | Search | EN | Autotriz Compounds & Shampoo,Rich Foam Shampoo - 20L Trade Pack,wash and wax,Phrase,Negative
ABK | Search | EN | Autotriz Compounds & Shampoo,Rich Foam Shampoo - 20L Trade Pack,hair shampoo,Phrase,Negative
ABK | Search | EN | Autotriz Compounds & Shampoo,Rich Foam Shampoo - 20L Trade Pack,carpet shampoo,Phrase,Negative
ABK | Search | EN | Autotriz Compounds & Shampoo,Rich Foam Shampoo - 20L Trade Pack,car wash near me,Phrase,Negative
ABK | Search | AR | Autotriz Compounds & Shampoo,AR - Heavy Cut 901,شامبو,Broad,Negative
ABK | Search | AR | Autotriz Compounds & Shampoo,AR - Heavy Cut 901,خطوة واحدة,Phrase,Negative
ABK | Search | AR | Autotriz Compounds & Shampoo,AR - Heavy Cut 901,مركز تلميع,Phrase,Negative
ABK | Search | AR | Autotriz Compounds & Shampoo,AR - Heavy Cut 901,ورشة تلميع,Phrase,Negative
ABK | Search | AR | Autotriz Compounds & Shampoo,AR - Heavy Cut 901,تلميع سيارات بالقرب مني,Phrase,Negative
ABK | Search | AR | Autotriz Compounds & Shampoo,AR - Power Cut 701,شامبو,Broad,Negative
ABK | Search | AR | Autotriz Compounds & Shampoo,AR - Power Cut 701,خطوة واحدة,Phrase,Negative
ABK | Search | AR | Autotriz Compounds & Shampoo,AR - Power Cut 701,قطع ثقيل,Phrase,Negative
ABK | Search | AR | Autotriz Compounds & Shampoo,AR - Power Cut 701,مركز تلميع,Phrase,Negative
ABK | Search | AR | Autotriz Compounds & Shampoo,AR - Power Cut 701,تلميع سيارات متنقل,Phrase,Negative
ABK | Search | AR | Autotriz Compounds & Shampoo,AR - Ultimate Polish 302,شامبو,Broad,Negative
ABK | Search | AR | Autotriz Compounds & Shampoo,AR - Ultimate Polish 302,خطوة واحدة,Phrase,Negative
ABK | Search | AR | Autotriz Compounds & Shampoo,AR - Ultimate Polish 302,قطع ثقيل,Phrase,Negative
ABK | Search | AR | Autotriz Compounds & Shampoo,AR - Ultimate Polish 302,مزيل الدوامات,Phrase,Negative
ABK | Search | AR | Autotriz Compounds & Shampoo,AR - Ultimate Polish 302,مركز تلميع,Phrase,Negative
ABK | Search | AR | Autotriz Compounds & Shampoo,AR - Ultimate Polish 302,خدمة تلميع,Phrase,Negative
ABK | Search | AR | Autotriz Compounds & Shampoo,AR - One Step Finish,شامبو,Broad,Negative
ABK | Search | AR | Autotriz Compounds & Shampoo,AR - One Step Finish,قطع ثقيل,Phrase,Negative
ABK | Search | AR | Autotriz Compounds & Shampoo,AR - One Step Finish,سمكرة وصبغ,Phrase,Negative
ABK | Search | AR | Autotriz Compounds & Shampoo,AR - One Step Finish,اصلاح الخدوش,Phrase,Negative
ABK | Search | AR | Autotriz Compounds & Shampoo,AR - One Step Finish,مركز تلميع,Phrase,Negative
ABK | Search | AR | Autotriz Compounds & Shampoo,AR - One Step Finish,تلميع سيارات بالبيت,Phrase,Negative
ABK | Search | AR | Autotriz Compounds & Shampoo,AR - Rich Foam Shampoo,معجون,Broad,Negative
ABK | Search | AR | Autotriz Compounds & Shampoo,AR - Rich Foam Shampoo,بوليش,Broad,Negative
ABK | Search | AR | Autotriz Compounds & Shampoo,AR - Rich Foam Shampoo,شامبو شعر,Phrase,Negative
ABK | Search | AR | Autotriz Compounds & Shampoo,AR - Rich Foam Shampoo,شامبو سجاد,Phrase,Negative
ABK | Search | AR | Autotriz Compounds & Shampoo,AR - Rich Foam Shampoo,غسيل سيارات متنقل,Phrase,Negative
ABK | Search | AR | Autotriz Compounds & Shampoo,AR - Rich Foam Shampoo,مغسلة سيارات بالقرب مني,Phrase,Negative
ABK | Search | EN | Vertek PPF & Window Tint,PPF Film - Buy & Supply,ppf installation,Phrase,Negative
ABK | Search | EN | Vertek PPF & Window Tint,PPF Film - Buy & Supply,ppf fitting,Phrase,Negative
ABK | Search | EN | Vertek PPF & Window Tint,PPF Film - Buy & Supply,ppf near me,Phrase,Negative
ABK | Search | EN | Vertek PPF & Window Tint,PPF Film - Buy & Supply,ppf cost,Phrase,Negative
ABK | Search | EN | Vertek PPF & Window Tint,PPF Film - Buy & Supply,ppf price qatar,Exact,Negative
ABK | Search | EN | Vertek PPF & Window Tint,PPF Film - Buy & Supply,full body ppf price,Phrase,Negative
ABK | Search | EN | Vertek PPF & Window Tint,PPF Film - Buy & Supply,ppf wrap my car,Phrase,Negative
ABK | Search | EN | Vertek PPF & Window Tint,PPF Film - Buy & Supply,window tint,Phrase,Negative
ABK | Search | EN | Vertek PPF & Window Tint,PPF Film - Buy & Supply,tint film,Phrase,Negative
ABK | Search | EN | Vertek PPF & Window Tint,PPF Film - Buy & Supply,ceramic coating,Phrase,Negative
ABK | Search | EN | Vertek PPF & Window Tint,Vertek Weather Armor - Brand,vertek installation,Phrase,Negative
ABK | Search | EN | Vertek PPF & Window Tint,Vertek Weather Armor - Brand,vertek installer near me,Phrase,Negative
ABK | Search | EN | Vertek PPF & Window Tint,Vertek Weather Armor - Brand,weather armor jacket,Phrase,Negative
ABK | Search | EN | Vertek PPF & Window Tint,Vertek Weather Armor - Brand,weather armour roofing,Phrase,Negative
ABK | Search | EN | Vertek PPF & Window Tint,Vertek Weather Armor - Brand,vertek software,Phrase,Negative
ABK | Search | EN | Vertek PPF & Window Tint,Window Tint Film - Rolls & Supply,car tinting,Exact,Negative
ABK | Search | EN | Vertek PPF & Window Tint,Window Tint Film - Rolls & Supply,window tinting,Exact,Negative
ABK | Search | EN | Vertek PPF & Window Tint,Window Tint Film - Rolls & Supply,window tinting doha,Exact,Negative
ABK | Search | EN | Vertek PPF & Window Tint,Window Tint Film - Rolls & Supply,car tinting qatar,Exact,Negative
ABK | Search | EN | Vertek PPF & Window Tint,Window Tint Film - Rolls & Supply,tinting,Exact,Negative
ABK | Search | EN | Vertek PPF & Window Tint,Window Tint Film - Rolls & Supply,tinting service,Phrase,Negative
ABK | Search | EN | Vertek PPF & Window Tint,Window Tint Film - Rolls & Supply,tinting shop,Phrase,Negative
ABK | Search | EN | Vertek PPF & Window Tint,Window Tint Film - Rolls & Supply,tinting near me,Phrase,Negative
ABK | Search | EN | Vertek PPF & Window Tint,Window Tint Film - Rolls & Supply,mobile tinting,Phrase,Negative
ABK | Search | EN | Vertek PPF & Window Tint,Window Tint Film - Rolls & Supply,tint my car,Phrase,Negative
ABK | Search | EN | Vertek PPF & Window Tint,Window Tint Film - Rolls & Supply,tinting price,Phrase,Negative
ABK | Search | EN | Vertek PPF & Window Tint,Window Tint Film - Rolls & Supply,tint permit,Phrase,Negative
ABK | Search | EN | Vertek PPF & Window Tint,Window Tint Film - Rolls & Supply,tint law,Phrase,Negative
ABK | Search | EN | Vertek PPF & Window Tint,Window Tint Film - Rolls & Supply,tinting rules,Phrase,Negative
ABK | Search | EN | Vertek PPF & Window Tint,Window Tint Film - Rolls & Supply,vlt,Broad,Negative
ABK | Search | EN | Vertek PPF & Window Tint,Window Tint Film - Rolls & Supply,limo tint,Phrase,Negative
ABK | Search | EN | Vertek PPF & Window Tint,Window Tint Film - Rolls & Supply,blackout tint,Phrase,Negative
ABK | Search | EN | Vertek PPF & Window Tint,Window Tint Film - Rolls & Supply,darkest tint,Phrase,Negative
ABK | Search | EN | Vertek PPF & Window Tint,Window Tint Film - Rolls & Supply,tint removal,Phrase,Negative
ABK | Search | EN | Vertek PPF & Window Tint,Window Tint Film - Rolls & Supply,house window film,Phrase,Negative
ABK | Search | EN | Vertek PPF & Window Tint,Window Tint Film - Rolls & Supply,home window film,Phrase,Negative
ABK | Search | EN | Vertek PPF & Window Tint,Window Tint Film - Rolls & Supply,office window film,Phrase,Negative
ABK | Search | EN | Vertek PPF & Window Tint,Window Tint Film - Rolls & Supply,building glass film,Phrase,Negative
ABK | Search | EN | Vertek PPF & Window Tint,PPF & Tint Film Wholesale,wholesale cars,Phrase,Negative
ABK | Search | EN | Vertek PPF & Window Tint,PPF & Tint Film Wholesale,wholesale clothing,Phrase,Negative
ABK | Search | EN | Vertek PPF & Window Tint,PPF & Tint Film Wholesale,packaging film,Phrase,Negative
ABK | Search | EN | Vertek PPF & Window Tint,PPF & Tint Film Wholesale,stretch film,Phrase,Negative
ABK | Search | EN | Vertek PPF & Window Tint,PPF & Tint Film Wholesale,plastic film supplier,Phrase,Negative
ABK | Search | EN | Vertek PPF & Window Tint,PPF & Tint Film Wholesale,solar panel,Phrase,Negative
ABK | Search | EN | Vertek PPF & Window Tint,PPF & Tint Film Wholesale,architectural film,Phrase,Negative
ABK | Search | EN | Vertek PPF & Window Tint,PPF & Tint Film Wholesale,franchise,Phrase,Negative
ABK | Search | AR | Vertek PPF & Window Tint,PPF - افلام حماية الطلاء,تركيب فيلم حماية,Phrase,Negative
ABK | Search | AR | Vertek PPF & Window Tint,PPF - افلام حماية الطلاء,تركيب بي بي اف,Phrase,Negative
ABK | Search | AR | Vertek PPF & Window Tint,PPF - افلام حماية الطلاء,اسعار تركيب,Phrase,Negative
ABK | Search | AR | Vertek PPF & Window Tint,PPF - افلام حماية الطلاء,ورشة,Phrase,Negative
ABK | Search | AR | Vertek PPF & Window Tint,PPF - افلام حماية الطلاء,كراج,Phrase,Negative
ABK | Search | AR | Vertek PPF & Window Tint,PPF - افلام حماية الطلاء,تظليل,Phrase,Negative
ABK | Search | AR | Vertek PPF & Window Tint,PPF - افلام حماية الطلاء,نانو سيراميك,Phrase,Negative
ABK | Search | AR | Vertek PPF & Window Tint,PPF - افلام حماية الطلاء,فيلم لاصق للجدران,Phrase,Negative
ABK | Search | AR | Vertek PPF & Window Tint,PPF - افلام حماية الطلاء,واقي شاشة,Phrase,Negative
ABK | Search | AR | Vertek PPF & Window Tint,Vertek Weather Armor - العلامة,تركيب,Phrase,Negative
ABK | Search | AR | Vertek PPF & Window Tint,Vertek Weather Armor - العلامة,ورشة,Phrase,Negative
ABK | Search | AR | Vertek PPF & Window Tint,Vertek Weather Armor - العلامة,وظائف,Phrase,Negative
ABK | Search | AR | Vertek PPF & Window Tint,Vertek Weather Armor - العلامة,weather armor jacket,Phrase,Negative
ABK | Search | AR | Vertek PPF & Window Tint,Vertek Weather Armor - العلامة,vertek software,Phrase,Negative
ABK | Search | AR | Vertek PPF & Window Tint,افلام التظليل والعزل الحراري,تظليل سيارات,Exact,Negative
ABK | Search | AR | Vertek PPF & Window Tint,افلام التظليل والعزل الحراري,تظليل,Exact,Negative
ABK | Search | AR | Vertek PPF & Window Tint,افلام التظليل والعزل الحراري,مخفي سيارات,Exact,Negative
ABK | Search | AR | Vertek PPF & Window Tint,افلام التظليل والعزل الحراري,مخفي,Exact,Negative
ABK | Search | AR | Vertek PPF & Window Tint,افلام التظليل والعزل الحراري,تركيب تظليل,Phrase,Negative
ABK | Search | AR | Vertek PPF & Window Tint,افلام التظليل والعزل الحراري,تركيب مخفي,Phrase,Negative
ABK | Search | AR | Vertek PPF & Window Tint,افلام التظليل والعزل الحراري,محل تظليل,Phrase,Negative
ABK | Search | AR | Vertek PPF & Window Tint,افلام التظليل والعزل الحراري,تظليل متنقل,Phrase,Negative
ABK | Search | AR | Vertek PPF & Window Tint,افلام التظليل والعزل الحراري,خدمة منزلية,Phrase,Negative
ABK | Search | AR | Vertek PPF & Window Tint,افلام التظليل والعزل الحراري,نسبة التظليل,Phrase,Negative
ABK | Search | AR | Vertek PPF & Window Tint,افلام التظليل والعزل الحراري,تصريح تظليل,Phrase,Negative
ABK | Search | AR | Vertek PPF & Window Tint,افلام التظليل والعزل الحراري,مخالفة تظليل,Phrase,Negative
ABK | Search | AR | Vertek PPF & Window Tint,افلام التظليل والعزل الحراري,غرامة تظليل,Phrase,Negative
ABK | Search | AR | Vertek PPF & Window Tint,افلام التظليل والعزل الحراري,قانون التظليل,Phrase,Negative
ABK | Search | AR | Vertek PPF & Window Tint,افلام التظليل والعزل الحراري,اسعار تظليل,Phrase,Negative
ABK | Search | AR | Vertek PPF & Window Tint,افلام التظليل والعزل الحراري,افضل تظليل,Phrase,Negative
ABK | Search | AR | Vertek PPF & Window Tint,افلام التظليل والعزل الحراري,تظليل المنازل,Phrase,Negative
ABK | Search | AR | Vertek PPF & Window Tint,افلام التظليل والعزل الحراري,تظليل زجاج المباني,Phrase,Negative
ABK | Search | AR | Vertek PPF & Window Tint,افلام التظليل والعزل الحراري,ازالة التظليل,Phrase,Negative
ABK | Search | AR | Vertek PPF & Window Tint,الجملة والتوزيع,وكيل سيارات,Phrase,Negative
ABK | Search | AR | Vertek PPF & Window Tint,الجملة والتوزيع,وظائف,Phrase,Negative
ABK | Search | AR | Vertek PPF & Window Tint,الجملة والتوزيع,راتب,Phrase,Negative
ABK | Search | AR | Vertek PPF & Window Tint,الجملة والتوزيع,مستعمل,Phrase,Negative
ABK | Search | AR | Vertek PPF & Window Tint,الجملة والتوزيع,قطع غيار,Phrase,Negative
ABK | Search | AR | Vertek PPF & Window Tint,الجملة والتوزيع,فيلم تغليف بالجملة,Phrase,Negative
ABK | Search | AR | Vertek PPF & Window Tint,الجملة والتوزيع,بلاستيك بالجملة,Phrase,Negative
ABK | Search | EN | Briller Wash Care Chemicals,EN Car Shampoo - Wash & Wax,hair shampoo,Phrase,Negative
ABK | Search | EN | Briller Wash Care Chemicals,EN Car Shampoo - Wash & Wax,baby shampoo,Phrase,Negative
ABK | Search | EN | Briller Wash Care Chemicals,EN Car Shampoo - Wash & Wax,dog shampoo,Phrase,Negative
ABK | Search | EN | Briller Wash Care Chemicals,EN Car Shampoo - Wash & Wax,pet shampoo,Phrase,Negative
ABK | Search | EN | Briller Wash Care Chemicals,EN Car Shampoo - Wash & Wax,carpet shampoo,Phrase,Negative
ABK | Search | EN | Briller Wash Care Chemicals,EN Car Shampoo - Wash & Wax,dandruff,Broad,Negative
ABK | Search | EN | Briller Wash Care Chemicals,EN Car Shampoo - Wash & Wax,shampoo for hair,Phrase,Negative
ABK | Search | EN | Briller Wash Care Chemicals,EN Car Shampoo - Wash & Wax,waxing,Broad,Negative
ABK | Search | EN | Briller Wash Care Chemicals,EN Car Shampoo - Wash & Wax,wax salon,Phrase,Negative
ABK | Search | EN | Briller Wash Care Chemicals,EN Car Shampoo - Wash & Wax,candle wax,Phrase,Negative
ABK | Search | EN | Briller Wash Care Chemicals,EN Car Shampoo - Wash & Wax,ear wax,Phrase,Negative
ABK | Search | EN | Briller Wash Care Chemicals,EN Car Shampoo - Wash & Wax,hair removal,Phrase,Negative
ABK | Search | EN | Briller Wash Care Chemicals,EN Car Shampoo - Wash & Wax,car wash near me,Phrase,Negative
ABK | Search | EN | Briller Wash Care Chemicals,EN Car Shampoo - Wash & Wax,dubai,Broad,Negative
ABK | Search | EN | Briller Wash Care Chemicals,EN Car Shampoo - Wash & Wax,abu dhabi,Phrase,Negative
ABK | Search | EN | Briller Wash Care Chemicals,EN Car Shampoo - Wash & Wax,riyadh,Broad,Negative
ABK | Search | EN | Briller Wash Care Chemicals,EN Car Shampoo - Wash & Wax,jeddah,Broad,Negative
ABK | Search | EN | Briller Wash Care Chemicals,EN Car Shampoo - Wash & Wax,kuwait,Broad,Negative
ABK | Search | EN | Briller Wash Care Chemicals,EN Tyre Shine & Tyre Foam,tyre shop,Phrase,Negative
ABK | Search | EN | Briller Wash Care Chemicals,EN Tyre Shine & Tyre Foam,tyre change,Phrase,Negative
ABK | Search | EN | Briller Wash Care Chemicals,EN Tyre Shine & Tyre Foam,tyre replacement,Phrase,Negative
ABK | Search | EN | Briller Wash Care Chemicals,EN Tyre Shine & Tyre Foam,new tyres,Phrase,Negative
ABK | Search | EN | Briller Wash Care Chemicals,EN Tyre Shine & Tyre Foam,used tyres,Phrase,Negative
ABK | Search | EN | Briller Wash Care Chemicals,EN Tyre Shine & Tyre Foam,tyre puncture,Phrase,Negative
ABK | Search | EN | Briller Wash Care Chemicals,EN Tyre Shine & Tyre Foam,puncture,Broad,Negative
ABK | Search | EN | Briller Wash Care Chemicals,EN Tyre Shine & Tyre Foam,tyre repair,Phrase,Negative
ABK | Search | EN | Briller Wash Care Chemicals,EN Tyre Shine & Tyre Foam,tyre pressure,Phrase,Negative
ABK | Search | EN | Briller Wash Care Chemicals,EN Tyre Shine & Tyre Foam,wheel alignment,Phrase,Negative
ABK | Search | EN | Briller Wash Care Chemicals,EN Tyre Shine & Tyre Foam,foam mattress,Phrase,Negative
ABK | Search | EN | Briller Wash Care Chemicals,EN Tyre Shine & Tyre Foam,memory foam,Phrase,Negative
ABK | Search | EN | Briller Wash Care Chemicals,EN Tyre Shine & Tyre Foam,car wash near me,Phrase,Negative
ABK | Search | EN | Briller Wash Care Chemicals,EN Tyre Shine & Tyre Foam,dubai,Broad,Negative
ABK | Search | EN | Briller Wash Care Chemicals,EN Tyre Shine & Tyre Foam,abu dhabi,Phrase,Negative
ABK | Search | EN | Briller Wash Care Chemicals,EN Tyre Shine & Tyre Foam,riyadh,Broad,Negative
ABK | Search | EN | Briller Wash Care Chemicals,EN Tyre Shine & Tyre Foam,jeddah,Broad,Negative
ABK | Search | EN | Briller Wash Care Chemicals,EN Tyre Shine & Tyre Foam,kuwait,Broad,Negative
ABK | Search | EN | Briller Wash Care Chemicals,EN Car Glass Cleaner,glass repair,Phrase,Negative
ABK | Search | EN | Briller Wash Care Chemicals,EN Car Glass Cleaner,windshield replacement,Phrase,Negative
ABK | Search | EN | Briller Wash Care Chemicals,EN Car Glass Cleaner,windscreen replacement,Phrase,Negative
ABK | Search | EN | Briller Wash Care Chemicals,EN Car Glass Cleaner,glass fitting,Phrase,Negative
ABK | Search | EN | Briller Wash Care Chemicals,EN Car Glass Cleaner,glass shop,Phrase,Negative
ABK | Search | EN | Briller Wash Care Chemicals,EN Car Glass Cleaner,tempered glass,Phrase,Negative
ABK | Search | EN | Briller Wash Care Chemicals,EN Car Glass Cleaner,screen protector,Phrase,Negative
ABK | Search | EN | Briller Wash Care Chemicals,EN Car Glass Cleaner,glass cutting,Phrase,Negative
ABK | Search | EN | Briller Wash Care Chemicals,EN Car Glass Cleaner,window glass price,Phrase,Negative
ABK | Search | EN | Briller Wash Care Chemicals,EN Car Glass Cleaner,glass door,Phrase,Negative
ABK | Search | EN | Briller Wash Care Chemicals,EN Car Glass Cleaner,dubai,Broad,Negative
ABK | Search | EN | Briller Wash Care Chemicals,EN Car Glass Cleaner,abu dhabi,Phrase,Negative
ABK | Search | EN | Briller Wash Care Chemicals,EN Car Glass Cleaner,riyadh,Broad,Negative
ABK | Search | EN | Briller Wash Care Chemicals,EN Car Glass Cleaner,jeddah,Broad,Negative
ABK | Search | EN | Briller Wash Care Chemicals,EN Car Glass Cleaner,kuwait,Broad,Negative
ABK | Search | EN | Briller Wash Care Chemicals,EN Interior & Multipurpose Cleaner,interior design,Phrase,Negative
ABK | Search | EN | Briller Wash Care Chemicals,EN Interior & Multipurpose Cleaner,interior designer,Phrase,Negative
ABK | Search | EN | Briller Wash Care Chemicals,EN Interior & Multipurpose Cleaner,home interior,Phrase,Negative
ABK | Search | EN | Briller Wash Care Chemicals,EN Interior & Multipurpose Cleaner,villa interior,Phrase,Negative
ABK | Search | EN | Briller Wash Care Chemicals,EN Interior & Multipurpose Cleaner,sofa cleaning,Phrase,Negative
ABK | Search | EN | Briller Wash Care Chemicals,EN Interior & Multipurpose Cleaner,carpet cleaning service,Phrase,Negative
ABK | Search | EN | Briller Wash Care Chemicals,EN Interior & Multipurpose Cleaner,house cleaning,Phrase,Negative
ABK | Search | EN | Briller Wash Care Chemicals,EN Interior & Multipurpose Cleaner,cleaning company,Phrase,Negative
ABK | Search | EN | Briller Wash Care Chemicals,EN Interior & Multipurpose Cleaner,cleaning service,Phrase,Negative
ABK | Search | EN | Briller Wash Care Chemicals,EN Interior & Multipurpose Cleaner,interior detailing near me,Phrase,Negative
ABK | Search | EN | Briller Wash Care Chemicals,EN Interior & Multipurpose Cleaner,dubai,Broad,Negative
ABK | Search | EN | Briller Wash Care Chemicals,EN Interior & Multipurpose Cleaner,abu dhabi,Phrase,Negative
ABK | Search | EN | Briller Wash Care Chemicals,EN Interior & Multipurpose Cleaner,riyadh,Broad,Negative
ABK | Search | EN | Briller Wash Care Chemicals,EN Interior & Multipurpose Cleaner,jeddah,Broad,Negative
ABK | Search | EN | Briller Wash Care Chemicals,EN Interior & Multipurpose Cleaner,kuwait,Broad,Negative
ABK | Search | EN | Briller Wash Care Chemicals,EN Trim & Interior Dressing,salad dressing,Phrase,Negative
ABK | Search | EN | Briller Wash Care Chemicals,EN Trim & Interior Dressing,wound dressing,Phrase,Negative
ABK | Search | EN | Briller Wash Care Chemicals,EN Trim & Interior Dressing,hair dressing,Phrase,Negative
ABK | Search | EN | Briller Wash Care Chemicals,EN Trim & Interior Dressing,dressing table,Phrase,Negative
ABK | Search | EN | Briller Wash Care Chemicals,EN Trim & Interior Dressing,dressing room,Phrase,Negative
ABK | Search | EN | Briller Wash Care Chemicals,EN Trim & Interior Dressing,dressing gown,Phrase,Negative
ABK | Search | EN | Briller Wash Care Chemicals,EN Trim & Interior Dressing,window dressing,Phrase,Negative
ABK | Search | EN | Briller Wash Care Chemicals,EN Trim & Interior Dressing,chicken dressing,Phrase,Negative
ABK | Search | EN | Briller Wash Care Chemicals,EN Trim & Interior Dressing,recipe,Broad,Negative
ABK | Search | EN | Briller Wash Care Chemicals,EN Trim & Interior Dressing,engine repair,Phrase,Negative
ABK | Search | EN | Briller Wash Care Chemicals,EN Trim & Interior Dressing,dubai,Broad,Negative
ABK | Search | EN | Briller Wash Care Chemicals,EN Trim & Interior Dressing,abu dhabi,Phrase,Negative
ABK | Search | EN | Briller Wash Care Chemicals,EN Trim & Interior Dressing,riyadh,Broad,Negative
ABK | Search | EN | Briller Wash Care Chemicals,EN Trim & Interior Dressing,jeddah,Broad,Negative
ABK | Search | EN | Briller Wash Care Chemicals,EN Trim & Interior Dressing,kuwait,Broad,Negative
ABK | Search | AR | Briller Wash Care Chemicals,AR Car Shampoo - Wash & Wax,شامبو شعر,Phrase,Negative
ABK | Search | AR | Briller Wash Care Chemicals,AR Car Shampoo - Wash & Wax,شامبو اطفال,Phrase,Negative
ABK | Search | AR | Briller Wash Care Chemicals,AR Car Shampoo - Wash & Wax,شامبو كلاب,Phrase,Negative
ABK | Search | AR | Briller Wash Care Chemicals,AR Car Shampoo - Wash & Wax,شامبو سجاد,Phrase,Negative
ABK | Search | AR | Briller Wash Care Chemicals,AR Car Shampoo - Wash & Wax,قشرة الشعر,Phrase,Negative
ABK | Search | AR | Briller Wash Care Chemicals,AR Car Shampoo - Wash & Wax,ازالة الشعر,Phrase,Negative
ABK | Search | AR | Briller Wash Care Chemicals,AR Car Shampoo - Wash & Wax,شمع ازالة الشعر,Phrase,Negative
ABK | Search | AR | Briller Wash Care Chemicals,AR Car Shampoo - Wash & Wax,غسيل سيارات متنقل,Phrase,Negative
ABK | Search | AR | Briller Wash Care Chemicals,AR Car Shampoo - Wash & Wax,دبي,Broad,Negative
ABK | Search | AR | Briller Wash Care Chemicals,AR Car Shampoo - Wash & Wax,ابوظبي,Broad,Negative
ABK | Search | AR | Briller Wash Care Chemicals,AR Car Shampoo - Wash & Wax,الرياض,Broad,Negative
ABK | Search | AR | Briller Wash Care Chemicals,AR Car Shampoo - Wash & Wax,جدة,Broad,Negative
ABK | Search | AR | Briller Wash Care Chemicals,AR Car Shampoo - Wash & Wax,الكويت,Broad,Negative
ABK | Search | AR | Briller Wash Care Chemicals,AR Tyre Shine & Tyre Foam,تبديل الكفرات,Phrase,Negative
ABK | Search | AR | Briller Wash Care Chemicals,AR Tyre Shine & Tyre Foam,محل كفرات,Phrase,Negative
ABK | Search | AR | Briller Wash Care Chemicals,AR Tyre Shine & Tyre Foam,كفرات جديدة,Phrase,Negative
ABK | Search | AR | Briller Wash Care Chemicals,AR Tyre Shine & Tyre Foam,كفرات مستعملة,Phrase,Negative
ABK | Search | AR | Briller Wash Care Chemicals,AR Tyre Shine & Tyre Foam,اسعار الكفرات,Phrase,Negative
ABK | Search | AR | Briller Wash Care Chemicals,AR Tyre Shine & Tyre Foam,تصليح كفرات,Phrase,Negative
ABK | Search | AR | Briller Wash Care Chemicals,AR Tyre Shine & Tyre Foam,بنشر,Broad,Negative
ABK | Search | AR | Briller Wash Care Chemicals,AR Tyre Shine & Tyre Foam,اطارات جديدة,Phrase,Negative
ABK | Search | AR | Briller Wash Care Chemicals,AR Tyre Shine & Tyre Foam,ترصيص,Broad,Negative
ABK | Search | AR | Briller Wash Care Chemicals,AR Tyre Shine & Tyre Foam,دبي,Broad,Negative
ABK | Search | AR | Briller Wash Care Chemicals,AR Tyre Shine & Tyre Foam,ابوظبي,Broad,Negative
ABK | Search | AR | Briller Wash Care Chemicals,AR Tyre Shine & Tyre Foam,الرياض,Broad,Negative
ABK | Search | AR | Briller Wash Care Chemicals,AR Tyre Shine & Tyre Foam,جدة,Broad,Negative
ABK | Search | AR | Briller Wash Care Chemicals,AR Tyre Shine & Tyre Foam,الكويت,Broad,Negative
ABK | Search | AR | Briller Wash Care Chemicals,AR Car Glass Cleaner,تركيب زجاج,Phrase,Negative
ABK | Search | AR | Briller Wash Care Chemicals,AR Car Glass Cleaner,تبديل زجاج السيارة,Phrase,Negative
ABK | Search | AR | Briller Wash Care Chemicals,AR Car Glass Cleaner,تصليح الزجاج,Phrase,Negative
ABK | Search | AR | Briller Wash Care Chemicals,AR Car Glass Cleaner,محل زجاج,Phrase,Negative
ABK | Search | AR | Briller Wash Care Chemicals,AR Car Glass Cleaner,زجاج نوافذ المنزل,Phrase,Negative
ABK | Search | AR | Briller Wash Care Chemicals,AR Car Glass Cleaner,زجاج سيكوريت,Phrase,Negative
ABK | Search | AR | Briller Wash Care Chemicals,AR Car Glass Cleaner,واقي شاشة,Phrase,Negative
ABK | Search | AR | Briller Wash Care Chemicals,AR Car Glass Cleaner,دبي,Broad,Negative
ABK | Search | AR | Briller Wash Care Chemicals,AR Car Glass Cleaner,ابوظبي,Broad,Negative
ABK | Search | AR | Briller Wash Care Chemicals,AR Car Glass Cleaner,الرياض,Broad,Negative
ABK | Search | AR | Briller Wash Care Chemicals,AR Car Glass Cleaner,جدة,Broad,Negative
ABK | Search | AR | Briller Wash Care Chemicals,AR Car Glass Cleaner,الكويت,Broad,Negative
ABK | Search | AR | Briller Wash Care Chemicals,AR Interior & Multipurpose Cleaner,تصميم داخلي,Phrase,Negative
ABK | Search | AR | Briller Wash Care Chemicals,AR Interior & Multipurpose Cleaner,ديكور داخلي,Phrase,Negative
ABK | Search | AR | Briller Wash Care Chemicals,AR Interior & Multipurpose Cleaner,شركة تنظيف,Phrase,Negative
ABK | Search | AR | Briller Wash Care Chemicals,AR Interior & Multipurpose Cleaner,تنظيف منازل,Phrase,Negative
ABK | Search | AR | Briller Wash Care Chemicals,AR Interior & Multipurpose Cleaner,تنظيف كنب,Phrase,Negative
ABK | Search | AR | Briller Wash Care Chemicals,AR Interior & Multipurpose Cleaner,تنظيف مجالس,Phrase,Negative
ABK | Search | AR | Briller Wash Care Chemicals,AR Interior & Multipurpose Cleaner,تنظيف سجاد,Phrase,Negative
ABK | Search | AR | Briller Wash Care Chemicals,AR Interior & Multipurpose Cleaner,عاملة تنظيف,Phrase,Negative
ABK | Search | AR | Briller Wash Care Chemicals,AR Interior & Multipurpose Cleaner,دبي,Broad,Negative
ABK | Search | AR | Briller Wash Care Chemicals,AR Interior & Multipurpose Cleaner,ابوظبي,Broad,Negative
ABK | Search | AR | Briller Wash Care Chemicals,AR Interior & Multipurpose Cleaner,الرياض,Broad,Negative
ABK | Search | AR | Briller Wash Care Chemicals,AR Interior & Multipurpose Cleaner,جدة,Broad,Negative
ABK | Search | AR | Briller Wash Care Chemicals,AR Interior & Multipurpose Cleaner,الكويت,Broad,Negative
ABK | Search | AR | Briller Wash Care Chemicals,AR Trim & Interior Dressing,ملمع اظافر,Phrase,Negative
ABK | Search | AR | Briller Wash Care Chemicals,AR Trim & Interior Dressing,ملمع شفاه,Phrase,Negative
ABK | Search | AR | Briller Wash Care Chemicals,AR Trim & Interior Dressing,ملمع احذية,Phrase,Negative
ABK | Search | AR | Briller Wash Care Chemicals,AR Trim & Interior Dressing,ملمع اثاث,Phrase,Negative
ABK | Search | AR | Briller Wash Care Chemicals,AR Trim & Interior Dressing,ملمع خشب,Phrase,Negative
ABK | Search | AR | Briller Wash Care Chemicals,AR Trim & Interior Dressing,ملمع رخام,Phrase,Negative
ABK | Search | AR | Briller Wash Care Chemicals,AR Trim & Interior Dressing,تصليح محرك,Phrase,Negative
ABK | Search | AR | Briller Wash Care Chemicals,AR Trim & Interior Dressing,غسيل محرك,Phrase,Negative
ABK | Search | AR | Briller Wash Care Chemicals,AR Trim & Interior Dressing,دبي,Broad,Negative
ABK | Search | AR | Briller Wash Care Chemicals,AR Trim & Interior Dressing,ابوظبي,Broad,Negative
ABK | Search | AR | Briller Wash Care Chemicals,AR Trim & Interior Dressing,الرياض,Broad,Negative
ABK | Search | AR | Briller Wash Care Chemicals,AR Trim & Interior Dressing,جدة,Broad,Negative
ABK | Search | AR | Briller Wash Care Chemicals,AR Trim & Interior Dressing,الكويت,Broad,Negative
