Campaign,Ad Group,Ad type,Status,Final URL,Path 1,Path 2,Headline 1,Headline 2,Headline 3,Headline 4,Headline 5,Headline 6,Headline 7,Headline 8,Headline 9,Headline 10,Headline 11,Headline 12,Headline 13,Headline 14,Headline 15,Description 1,Description 2,Description 3,Description 4
ABK | Search | EN | B2B Wholesale & Dealers,EN Wholesale Car Care Supply,Responsive search ad,Enabled,https://abktradingservice.com/en/b2b,wholesale,gcc,Car Care Wholesale Qatar,Wholesale Car Care Supply,Trade Supply Across the GCC,"Detailing Supplies, Doha","Stocked in Mesaimeer, Doha",Supply for Detailing Shops,For Car Washes & Body Shops,Autotriz & VTEK Stocked,Briller Chemicals in Bulk,"We Supply, You Apply",Trade Price List on WhatsApp,WhatsApp for the Trade List,"Built for Heat, Sun & Sand","Doha Stock, No Import Wait",20L Drums & Case Quantities,"Wholesale car care from a Doha stockist. Films, coatings and chemicals for the trade.","ABK supplies detailing shops, car washes and body shops across Qatar and the GCC.",We supply the product only. Your own technicians apply it. Message us on WhatsApp.,"Autotriz, VTEK and Briller stocked in Mesaimeer. Ask for the trade list on WhatsApp."
ABK | Search | EN | B2B Wholesale & Dealers,EN Become a Dealer - Distributor,Responsive search ad,Enabled,https://abktradingservice.com/en/b2b/become-a-dealer,dealers,apply,Become a Car Care Dealer,"Distributor Enquiries, GCC","Stock ABK Brands, Doha",Reseller Partners Wanted,Open a Trade Account,Autotriz & VTEK Dealers,Car Care Distributorship,"Resell PPF, Tint & Ceramic",Supply Your Own Customers,"Qatar, UAE, KSA & Kuwait",Apply on WhatsApp Today,Trade Price List by Chat,"A Supplier, Not a Rival","Wholesale Terms, Doha",Pro Brands for Resellers,"Sell Autotriz, VTEK and Briller in your market. Dealer enquiries from across the GCC.","ABK only supplies product. We do not work on cars, so we never compete with our dealers.",Open a trade account and get the wholesale list on WhatsApp.,"Films, coatings and chemicals built for Gulf heat, sun and sand. Doha stock ready."
ABK | Search | EN | B2B Wholesale & Dealers,EN Bulk Car Shampoo - Wash Chemicals,Responsive search ad,Enabled,https://abktradingservice.com/en/b2b/products/briller-wash-and-wax,wholesale,shampoo,Bulk Car Wash Chemicals,"20L Car Shampoo, Doha",Car Wash Supplies Qatar,"Briller Wash & Wax, 20L","Concentrate, Dilutes 1:50",Made in Canada Chemicals,Stock Your Car Wash Bay,Wholesale Wash Chemicals,For Detailers & Car Washes,Drums and Cases in Stock,Trade Price List on WhatsApp,"In Stock in Mesaimeer, Doha",For High-Volume Wash Bays,Supply Across the GCC,Wash and Wax in One Step,"Briller Wash & Wax, 20 L concentrate at 1:50. Made in Canada. Stocked in Doha.","Wholesale wash chemicals for car washes, detailing shops and fleets in Qatar.","Drum and case quantities held in Mesaimeer, Doha. Ask for the trade list on WhatsApp.","Concentrated 1:50 formula for high-volume wash bays. Stocked in Doha, supplied GCC-wide."
ABK | Search | EN | B2B Wholesale & Dealers,EN PPF Film Rolls - Trade,Responsive search ad,Enabled,https://abktradingservice.com/en/b2b/products/vtek-ppf-weather-armor-ultimate,wholesale,ppf-rolls,"PPF Film Rolls, Wholesale",VTEK PPF Weather Armor,7.5 mil Polycarbonate TPU,15-Year Manufacturer Warranty,Instant Self-Healing PPF,Hydrophobic Top-Coat Film,Ultra-Gloss High Depth,PPF Supplier in Doha,Trade Rolls for Detailers,Supply for PPF Installers,"Built for UV, Sand & Salt",Made in USA PPF Film,Trade Price List on WhatsApp,"Stocked in Mesaimeer, Doha","We Supply, You Fit",VTEK PPF Weather Armor ULTIMATE: 7.5 mil Polycarbonate TPU. Trade rolls in Doha.,"Instant heat self-healing, hydrophobic top-coat and a 15-year manufacturer warranty.",We supply the film. Your own installers fit it. Wholesale across Qatar and the GCC.,Trade rolls for detailing and film shops. Message us on WhatsApp for the list.
ABK | Search | EN | B2B Wholesale & Dealers,EN Window Film Rolls - Trade,Responsive search ad,Enabled,https://abktradingservice.com/en/b2b/products/vtek-window-tints,wholesale,window-film,"Window Film Rolls, Trade",VTEK Solar Armor Tints,VUE Series Window Film,Advanced GRX Nano-Ceramic,"HD Clarity, Anti-Glare",Trade Rolls for Tint Shops,MOI Compliant Grades,10-Year e-Warranty Film,Tint Film Supplier Doha,Wholesale Window Film,For Tint Shops & Detailers,Film Rolls Stocked in Doha,Trade Price List on WhatsApp,Qatar and GCC Wholesale,"We Supply, You Fit",VTEK Solar Armor VUE: GRX nano-ceramic film with HD clarity and anti-glare.,VUE Series rolls with a 10-year e-warranty and MOI compliant grades. Doha stock.,Wholesale film rolls for tint shops and detailers in Qatar and across the GCC.,ABK supplies the film only. Your own team fits it. Ask for the list on WhatsApp.
ABK | Search | AR | B2B Wholesale & Dealers,AR Wholesale Car Care Supply,Responsive search ad,Enabled,https://abktradingservice.com/ar/b2b,ar,wholesale,مواد عناية بالسيارات بالجملة,توريد للورش والمغاسل,مورد منتجات عناية بالسيارات,مخزون في مسيمير الدوحة,توريد لدول الخليج,للموزعين وأصحاب المغاسل,منتجات Autotriz و VTEK,مواد Briller الكندية,أسعار الجملة على واتساب,نورد المنتج فقط,مورد وليس منافس لك,منتجات لأجواء قطر القاسية,مخزون بالدوحة بدون انتظار,عبوات 20 لتر وكراتين,تواصل معنا على واتساب,توريد مواد العناية بالسيارات بالجملة لورش التلميع والمغاسل في قطر ودول الخليج,نورد المنتج فقط ولا ننفذ أي أعمال على السيارات لذلك لا ننافس عملاءنا من الورش,منتجات Autotriz و VTEK و Briller متوفرة في مسيمير بالدوحة للبيع بالجملة,اطلب قائمة أسعار الجملة على واتساب أو زر متجرنا في مسيمير بالدوحة خلال أوقات العمل
ABK | Search | AR | B2B Wholesale & Dealers,AR Become a Dealer - Distributor,Responsive search ad,Enabled,https://abktradingservice.com/ar/b2b/become-a-dealer,ar,dealers,فرص توزيع في الخليج,مطلوب موزعون في الخليج,توزيع منتجات عناية بالسيارات,افتح حساب تجاري معنا,بع منتجات Autotriz,وزع أفلام VTEK للحماية,شراكة توزيع لمواد السيارات,قطر والإمارات والسعودية,مورد وليس منافس لك,منتجات احترافية لسوقك,أسعار الجملة على واتساب,تواصل لطلب شروط التوزيع,مخزون بالدوحة للموزعين,أفلام وطلاءات ومنظفات,منتجات لأجواء الخليج,وزع منتجات Autotriz و VTEK و Briller في سوقك المحلي ضمن دول مجلس التعاون الخليجي,نورد المنتج فقط ولا ننفذ أعمال على السيارات لذلك لا ننافس موزعينا ولا عملاءهم,افتح حساب تجاري واطلب قائمة أسعار الجملة وشروط التوزيع عبر واتساب خلال أوقات العمل,أفلام حماية وتظليل وطلاءات سيراميك ومواد تنظيف مصممة لحرارة الخليج والغبار
ABK | Search | AR | B2B Wholesale & Dealers,AR Bulk Car Shampoo - Wash Chemicals,Responsive search ad,Enabled,https://abktradingservice.com/ar/b2b/products/briller-wash-and-wax,ar,shampoo,شامبو سيارات بالجملة,شامبو سيارات 20 لتر,مواد غسيل للمغاسل,شامبو مركز بتخفيف 1:50,شامبو وشمع في خطوة واحدة,منتجات Briller الكندية,عبوات 20 لتر وكراتين,مستلزمات مغاسل السيارات,توريد لورش التلميع,رغوة غزيرة ولمعان عالي,أسعار الجملة على واتساب,مخزون في مسيمير الدوحة,لمغاسل السيارات الكبيرة,توريد لقطر ودول الخليج,تواصل معنا على واتساب,شامبو وشمع Briller بعبوة 20 لتر وتخفيف 1:50 صنع في كندا ومتوفر في مخزننا بالدوحة,مواد غسيل بالجملة لمغاسل السيارات وورش التلميع والأساطيل في قطر ودول الخليج,عبوات 20 لتر وكراتين جاهزة في مسيمير بالدوحة اطلب قائمة أسعار الجملة على واتساب,تركيز عالي مناسب للمغاسل ذات الحجم الكبير وورش التلميع اليومية في أجواء قطر المغبرة
ABK | Search | AR | B2B Wholesale & Dealers,AR PPF Film Rolls - Trade,Responsive search ad,Enabled,https://abktradingservice.com/ar/b2b/products/vtek-ppf-weather-armor-ultimate,ar,ppf-rolls,رولات فيلم حماية الطلاء,مورد أفلام حماية السيارات,فيلم حماية أمريكي الصنع,فيلم حماية الطلاء VTEK,سماكة 7.5 مل بولي كربونات,ضمان 15 سنة من المصنع,إصلاح ذاتي فوري بالحرارة,طبقة علوية طاردة للماء,لمعان فائق وعمق عالي,مقاوم للأشعة والرمال,رولات بالجملة للورش,أسعار الجملة على واتساب,مخزون في مسيمير الدوحة,نورد الفيلم فقط,توريد لقطر ودول الخليج,فيلم حماية الطلاء VTEK Weather Armor بسماكة 7.5 مل من بولي كربونات TPU ورولات بالدوحة,إصلاح ذاتي فوري بالحرارة وطبقة علوية طاردة للماء وضمان 15 سنة من المصنع,نورد الفيلم فقط وفنيو ورشتك هم من ينفذون العمل بيع بالجملة في قطر ودول الخليج,رولات بالجملة لورش الحماية والتلميع في قطر والخليج اطلب قائمة الأسعار على واتساب
ABK | Search | AR | B2B Wholesale & Dealers,AR Window Film Rolls - Trade,Responsive search ad,Enabled,https://abktradingservice.com/ar/b2b/products/vtek-window-tints,ar,window-film,رولات أفلام تظليل السيارات,مورد أفلام التظليل,أفلام تظليل VTEK,سلسلة VUE للتظليل,تقنية نانو سيراميك GRX,وضوح عالي الدقة للزجاج,أفلام مضادة للوهج,درجات متوافقة مع أنظمة قطر,ضمان إلكتروني 10 سنوات,رولات بالجملة للمحلات,توريد لمحلات التظليل,تدرجات متعددة من الأفلام,أسعار الجملة على واتساب,مخزون في مسيمير الدوحة,نورد الفيلم ولا ننافسك,أفلام تظليل VTEK Solar Armor VUE بتقنية نانو سيراميك GRX ووضوح عالي الدقة,رولات من سلسلة VUE مضادة للوهج بضمان إلكتروني 10 سنوات ودرجات متوافقة مع أنظمة قطر,رولات أفلام تظليل بالجملة لمحلات التظليل وورش التلميع في قطر ودول الخليج,نورد الفيلم فقط ولا ننفذ أي أعمال على السيارات اطلب قائمة أسعار الجملة على واتساب
ABK | Search | EN | Autotriz Ceramic Coatings,Ceramic Coating - Buy Product,Responsive search ad,Enabled,https://abktradingservice.com/en/b2c/products?category=ceramic,ceramic,coatings,Buy Ceramic Coating in Qatar,Autotriz Ceramic Coatings,Nano Ceramic Coating Bottles,"Stocked in Mesaimeer, Doha","We Supply, You Apply",Coating for Qatar Heat,50 ml Pro Ceramic Coating,Ask on WhatsApp for a Quote,"Car Care Products, Doha",Gloss and Paint Protection,Doha Ceramic Coating Supply,"Built for Sun, Sand, Dust",Walk In or Message Us,Pro Grade Coating Products,Retail and Trade Supply,We supply Autotriz ceramic coatings in Doha. Your own detailer applies them.,"Nano ceramic coatings in 50 ml bottles, stocked in Mesaimeer. Ask us on WhatsApp.","Built for Qatar sun, sand and dust. Gloss and paint protection you can buy today.","Retail and trade supply. Walk in Sat to Thu, or ask for a quote on WhatsApp."
ABK | Search | EN | Autotriz Ceramic Coatings,Autotriz Brand and SKU,Responsive search ad,Enabled,https://abktradingservice.com/en/b2c/products?brand=Autotriz&category=ceramic,autotriz,ceramic,Autotriz Ceramic Coating,Autotriz ION+ and REVO,Autotriz 3D Matrix Ultra,Autotriz 3D Matrix Hybrid,ION+ & REVO: German Made,Autotriz Stocked in Doha,Buy Autotriz in Qatar,"Autotriz Coatings, 50 ml",Autotriz Supplier in Doha,Genuine Autotriz Products,Ask on WhatsApp for a Quote,Nano Ceramic by Autotriz,For Detailers and Owners,Coatings for Qatar Heat,Trade and Retail Supply,"Autotriz ION+, REVO and 3D Matrix ceramic coatings, stocked in Mesaimeer, Doha.","We supply the coating only. You or your own detailer applies it, not us.",50 ml bottles of nano ceramic coating. ION+ and REVO are made in Germany.,"Ask on WhatsApp for stock and a quote. Open Sat to Thu, closed on Friday."
ABK | Search | EN | Autotriz Ceramic Coatings,Trade and Detailer Supply,Responsive search ad,Enabled,https://abktradingservice.com/en/b2b,wholesale,coatings,Ceramic Coating Supplier,Wholesale Car Care Supply,Autotriz Trade Supply Qatar,Supply for Detail Shops,"We Supply, We Do Not Fit",Doha Wholesale Stockist,"Coatings, Polish, PPF Gel",Trade Enquiries Welcome,Distributor Enquiries,Bulk Stock for Detailers,Ask on WhatsApp for a Quote,"Based in Mesaimeer, Doha",Autotriz Dealer Enquiries,Coating Supply for GCC,Pro Detailing Chemicals,We supply the trade and never compete with you. No fitting or detailing done here.,"Autotriz coatings, polishes and PPF slip gel for detail shops across Qatar.",Wholesale and dealer enquiries welcome. Ask on WhatsApp for stock and a quote.,"Stocked in Mesaimeer, Doha. Supply across Qatar and the GCC. Sat to Thu only."
ABK | Search | EN | Autotriz Ceramic Coatings,Fabric and Textile Coating,Responsive search ad,Enabled,https://abktradingservice.com/en/b2c/products/autotriz-fabric-textile-coating,fabric,coating,Fabric Coating for Cars,Autotriz Fabric Coating,Nano Fabric Protector,Seat and Carpet Protection,300 ml Textile Coating,Repels Spills and Stains,Buy Fabric Guard in Doha,"For Seats, Carpet, Soft Tops","Stocked in Mesaimeer, Doha",Ask on WhatsApp for a Quote,Interior Protection Spray,For Detailers and Owners,Made for Qatar Interiors,Autotriz Nano Technology,Trade and Retail Supply,"Autotriz fabric and textile coating, 300 ml. Nano protection for car upholstery.","For seats, carpets and soft tops. Helps spills bead up instead of soaking in.","We supply the bottle, you apply it. Stocked at our Mesaimeer shop in Doha.","Ask on WhatsApp for stock and a quote. Open Sat to Thu, closed on Friday."
ABK | Search | EN | Autotriz Ceramic Coatings,One Step Finish Polish,Responsive search ad,Enabled,https://abktradingservice.com/en/b2c/products/autotriz-one-step-finish,polish,autotriz,Autotriz One Step Finish,"One Step Polish, 4 Litre",All in One Car Polish,"Removes Swirls, Scratches",Deep Gloss in One Step,"For Rotary, DA or Hand",Buy Car Polish in Doha,Detailing Compound Supply,"Stocked in Mesaimeer, Doha",Ask on WhatsApp for a Quote,Pro Polish for Detailers,"Autotriz Polish, Qatar",One Step Prep for Coating,Trade and Retail Supply,4 L Polish for Body Shops,"Autotriz One Step Finish, 4 litre. Cuts swirls and finishes glossy in one step.","Works with a rotary, DA or by hand. We supply the bottle, you do the polishing.","Stocked in Mesaimeer, Doha. Retail and trade supply. Ask on WhatsApp today.","Prep paint before a coating, or finish a panel. We supply, we do not detail."
ABK | Search | EN | Autotriz Ceramic Coatings,PPF Refresh - Top Coat Polish,Responsive search ad,Enabled,https://abktradingservice.com/en/b2c/products/autotriz-ppf-refresh-1l,ppf,refresh,"Autotriz PPF Refresh, 1 L",PPF Top Coat Refresher,For PPF and Vinyl Wraps,Refreshes the Top Coat,"Removes Scratches, Fading",Body Shop Safe Polish,Non-Yellowing Formula,Made in Germany,For Detailers and Owners,Keep Your PPF Looking New,Restores Gloss to Film,Buy PPF Refresh in Doha,"Stocked in Mesaimeer, Doha",Ask on WhatsApp for a Quote,"We Supply, You Apply","Autotriz PPF Refresh, 1 litre. Refreshes the top coat on paint protection film.",For PPF and vinyl wraps. Removes minor scratches and fading. Non-yellowing.,Body shop safe and made in Germany. We supply the bottle; you or your detailer use it.,"Stocked in Mesaimeer, Doha. Ask on WhatsApp for stock and a quote. Sat to Thu."
ABK | Search | AR | Autotriz Ceramic Coatings,AR - Ceramic Coating Purchase,Responsive search ad,Enabled,https://abktradingservice.com/ar/b2c/products?category=ceramic,ceramic,coatings,طلاء سيراميك للسيارات,نانو سيراميك أصلي,منتجات Autotriz للسيارات,متجر في مسيمير الدوحة,نورد المنتج والتطبيق عليك,عبوات سيراميك 50 مل,حماية للطلاء من الشمس,مناسب لأجواء قطر القاسية,تواصل معنا على واتساب,اطلب عرض السعر على واتساب,لمعان عميق وحماية طويلة,توريد للأفراد والمحترفين,طلاء نانو سيراميك احترافي,متوفر في الدوحة الآن,منتجات عناية بالسيارات,نورد طلاء السيراميك في الدوحة، والتطبيق يتم على يدك أو يد فنيك الخاص,عبوات 50 مل من طلاء السيراميك النانوي، متوفرة في متجرنا بمسيمير الدوحة,حماية ولمعان يناسبان شمس قطر وغبارها، تواصل معنا على واتساب لعرض السعر,توريد للأفراد وللمحترفين، مفتوح من السبت إلى الخميس، والجمعة مغلق
ABK | Search | AR | Autotriz Ceramic Coatings,AR - Autotriz Brand,Responsive search ad,Enabled,https://abktradingservice.com/ar/b2c/products?brand=Autotriz&category=ceramic,autotriz,ceramic,طلاء سيراميك Autotriz,منتجات Autotriz في قطر,طلاء ION+ للسيارات,طلاء سيراميك REVO,سيراميك 3D Matrix Ultra,سيراميك 3D Matrix Hybrid,طلاء ION+ صناعة ألمانية,طلاء REVO صناعة ألمانية,عبوات 50 مل من Autotriz,متجر في مسيمير الدوحة,اطلب عرض السعر على واتساب,نورد المنتج والتطبيق عليك,للمحترفين وهواة العناية,توريد بالجملة والتجزئة,حماية طلاء طويلة الأمد,طلاءات سيراميك احترافية من Autotriz متوفرة في متجرنا بمسيمير الدوحة,عبوات 50 مل من طلاء السيراميك النانوي، نورد المنتج والتطبيق على فنيك,لمعان عميق وحماية للطلاء تناسب شمس قطر وغبار الصيف الشديد,اطلب التوفر وعرض السعر على واتساب، من السبت إلى الخميس، والجمعة مغلق
ABK | Search | AR | Autotriz Ceramic Coatings,AR - Wholesale and Distributors,Responsive search ad,Enabled,https://abktradingservice.com/ar/b2b,wholesale,coatings,توريد للورش والمغاسل,منتجات عناية بالجملة,موزع طلاءات السيراميك,توريد Autotriz بالجملة,نورد ولا ننافس عملاءنا,توريد المنتجات فقط,مستلزمات مغاسل السيارات,طلبات الموزعين مرحب بها,توريد لقطر ودول الخليج,مخزون جاهز في الدوحة,اطلب عرض السعر على واتساب,طلاءات وملمعات وجل الأفلام,متجر جملة في مسيمير,عروض أسعار عبر واتساب,للمغاسل وورش التلميع,نورد المنتجات فقط، والعمل على السيارة يبقى لديكم، فلا ننافس عملاءنا,طلاءات سيراميك وملمعات وجل أفلام لورش التلميع ومغاسل السيارات في قطر,توريد بالجملة داخل قطر ودول الخليج، اطلب عرض السعر على واتساب,متجرنا في مسيمير بالدوحة، من السبت إلى الخميس، والجمعة مغلق
ABK | Search | AR | Autotriz Ceramic Coatings,AR - Fabric and Textile Coating,Responsive search ad,Enabled,https://abktradingservice.com/ar/b2c/products/autotriz-fabric-textile-coating,fabric,coating,طلاء حماية الأقمشة,حماية مقاعد السيارة,بخاخ حماية للمفروشات,طارد للسوائل والبقع,عبوة 300 مل من Autotriz,حماية للسجاد والأقمشة,تقنية نانو للأقمشة,للمقاعد والسقف القماشي,متجر في مسيمير الدوحة,اطلب عرض السعر على واتساب,حماية داخلية تناسب قطر,نورد المنتج والتطبيق عليك,لهواة العناية والمحترفين,توريد بالجملة والتجزئة,منتجات حماية داخلية,طلاء حماية الأقمشة من Autotriz بعبوة 300 مل بتقنية النانو للمفروشات,للمقاعد والسجاد والأسقف القماشية، يساعد على طرد السوائل قبل تشربها,نورد العبوة وأنت أو فنيك يطبقها، متوفرة في متجرنا بمسيمير الدوحة,اطلب التوفر وعرض السعر على واتساب، من السبت إلى الخميس، والجمعة مغلق
ABK | Search | AR | Autotriz Ceramic Coatings,AR - One Step Polish,Responsive search ad,Enabled,https://abktradingservice.com/ar/b2c/products/autotriz-one-step-finish,polish,autotriz,ملمع خطوة واحدة,ملمع سيارات 4 لتر,يزيل الدوامات والخدوش,لمعان عميق بخطوة واحدة,ملمع Autotriz للسيارات,للبوليشر الدوار واليدوي,شراء ملمع سيارات بالدوحة,مركب تلميع احترافي,متجر في مسيمير الدوحة,اطلب عرض السعر على واتساب,للمغاسل وورش التلميع,تجهيز الطلاء للسيراميك,توريد بالجملة والتجزئة,نورد المنتج والتطبيق عليك,منتجات عناية بالسيارات,ملمع Autotriz بخطوة واحدة وبعبوة 4 لتر يزيل الدوامات ويمنح لمعانا عميقا,يعمل مع البوليشر الدوار والمداري وباليد، نورد المنتج والتطبيق عليك,متوفر في متجرنا بمسيمير الدوحة للأفراد وللورش والمغاسل في قطر,اطلب التوفر وعرض السعر على واتساب، من السبت إلى الخميس، والجمعة مغلق
ABK | Search | AR | Autotriz Ceramic Coatings,AR - PPF Refresh,Responsive search ad,Enabled,https://abktradingservice.com/ar/b2c/products/autotriz-ppf-refresh-1l,ppf,refresh,ملمع ومجدد أفلام الحماية,يجدد الطبقة العلوية,لأفلام الحماية والفينيل,يزيل الخدوش الدقيقة,يعالج بهتان الفيلم,آمن لورش السمكرة,لا يسبب اصفرار الفيلم,صنع في ألمانيا,عبوة 1 لتر للمحترفين,يعيد اللمعان للفيلم,عناية بأفلام الحماية,متجر في مسيمير الدوحة,اطلب عرض السعر على واتساب,نورد المنتج والتطبيق عليك,للمحترفين وأصحاب السيارات,ملمع ومجدد أفلام الحماية والفينيل من Autotriz بعبوة 1 لتر، صنع في ألمانيا,يجدد الطبقة العلوية ويزيل الخدوش الدقيقة والبهتان ويعيد اللمعان للفيلم,آمن لورش السمكرة ولا يسبب اصفرار الفيلم، نورد المنتج والتطبيق عليك أو على فنيك,متوفر في متجرنا بمسيمير الدوحة، اطلب عرض السعر على واتساب، والجمعة مغلق
ABK | Search | EN | Interior & Fragrance,EN - Interior Cleaner (Briller MPC),Responsive search ad,Enabled,https://abktradingservice.com/en/b2c/products/briller-multipurpose-cleaner,interior,cleaner,Car Interior Cleaner Qatar,Interior Cleaner in Doha,Briller Multi Cleaner 20L,Foaming Interior Cleaner,"Seats, Mats and Dashboard",Made in Canada Formula,Stocked in Mesaimeer Doha,For Detailers & Car Washes,Interior Cleaner Supplier,Concentrated 1:5 Dilution,WhatsApp Us for a Quote,Beat Qatar Dust and Sand,Safe on Trim and Fabric,Buy Car Care in Doha,Trade and Retail Supply,"Briller Multipurpose Cleaner, 20 L. Interior-safe foam for seats, trim and mats.","Made in Canada, 1:5 dilution. Stocked in our Mesaimeer shop in Doha.",We supply the chemicals. Retail and wholesale for car washes and detailers.,"Message us on WhatsApp for a quote. Open Sat to Thu, closed Friday."
ABK | Search | EN | Interior & Fragrance,EN - Leather & Vinyl Coating (Autotriz),Responsive search ad,Enabled,https://abktradingservice.com/en/b2c/products/autotriz-leather-and-vinyl,leather-vinyl,coating,Leather & Vinyl Coating,Autotriz Leather Coating,Car Leather Protection,Ceramic Coating for Seats,Leather Care in Doha,"50ml Bottle, Non-Oily",Protects Leather & Vinyl,Guards Against Qatar Sun,Interior Coating Supplier,For Detailers and Shops,WhatsApp for a Quote,Stocked in Mesaimeer Doha,Vinyl and Plastic Trim,Buy Leather Coating Qatar,Long-Lasting Barrier,"Autotriz Leather & Vinyl ceramic coating, 50 ml. For leather, vinyl and plastic.","A long-lasting, non-oily barrier for seats and trim in Qatar heat and sun.",We supply the coating; your own detailer applies it. Retail and trade welcome.,"Ask on WhatsApp. Walk in to our Mesaimeer shop, Sat to Thu."
ABK | Search | EN | Interior & Fragrance,EN - Fabric & Upholstery Coating (Autotriz),Responsive search ad,Enabled,https://abktradingservice.com/en/b2c/products/autotriz-fabric-textile-coating,fabric,coating,Fabric & Textile Coating,Autotriz Fabric Coating,Car Seat Fabric Protector,Upholstery Protection,Nano Fabric Protector,Repels Spills and Stains,300ml Fabric Coating,For Carpets and Soft Tops,Interior Protection Doha,Stocked in Mesaimeer Doha,For Detailers and Shops,WhatsApp for a Quote,Buy Fabric Protector Qatar,Guards Seats from Dust,Nano-Tech Fabric Guard,"Autotriz Fabric & Textile Coating, 300 ml. Nano protection for seats and carpet.","Guards upholstery, carpet and soft tops against spills, dust and Qatar sun.",We supply the product only. Retail and wholesale from our shop in Mesaimeer.,"Message us on WhatsApp for a quote. Sat to Thu, closed Friday."
ABK | Search | EN | Interior & Fragrance,EN - ABK Home Fragrance,Responsive search ad,Enabled,https://abktradingservice.com/en/b2c/products?category=fragrance,fragrance,home,ABK Home Fragrance Qatar,ABK Mashmom Fragrance,ABK Secret Home Scent,Home Fragrance in Doha,Long-Lasting Home Scent,Signature ABK Blends,Scent for Home & Majlis,Premium Home Fragrance,Two Signature Blends,Buy Home Fragrance Doha,Stocked in Mesaimeer Doha,WhatsApp for a Quote,Mashmom and Secret Scents,Walk In to Our Doha Shop,ABK Fragrance Collection,ABK Mashmom and ABK Secret home fragrances. Our own signature blends.,"Long-lasting premium scent for the home and majlis. Stocked in Mesaimeer, Doha.","Ask on WhatsApp for availability. Open Sat to Thu, closed Friday.","Visit our shop in Mesaimeer, Doha, or message us on WhatsApp to order."
ABK | Search | EN | Interior & Fragrance,EN - Sticker & Adhesive Remover,Responsive search ad,Enabled,https://abktradingservice.com/en/b2c/products/detainer-sticker-remover,sticker,remover,Car Sticker Remover Qatar,Detainer Sticker Remover,Adhesive Remover Spray,Sticker Remover in Doha,Removes Glue and Labels,450ml Aerosol Can,Fast Adhesive Breakdown,For Detailers and Shops,Stocked in Mesaimeer Doha,"Wipes Clean, No Residue",Buy Sticker Remover Doha,WhatsApp for a Quote,Decal and Tape Residue,Detailing Supplies Doha,Trade and Retail Supply,"Detainer Sticker Remover, 450 ml aerosol. Penetrates fast and lifts old glue.","Emulsifies adhesive so decals, labels and tape residue wipe away clean.",Stocked in our Mesaimeer shop in Doha. Retail and wholesale for detailers.,"Message us on WhatsApp for a quote. Sat to Thu, closed Friday."
ABK | Search | AR | Interior & Fragrance,AR - منظف الداخلية,Responsive search ad,Enabled,https://abktradingservice.com/ar/b2c/products/briller-multipurpose-cleaner,ar,interior,منظف داخلية السيارات,منظف رغوي للمقاعد والفرش,منتجات عناية بالسيارات,منظف داخلي آمن للسيارة,متجر في مسيمير الدوحة,توريد للورش والمغاسل,عبوة 20 لتر بتخفيف 1:5,صنع في كندا,تواصل معنا على واتساب,اطلب عرض السعر على واتساب,بيع بالجملة والتجزئة,منظف مقاعد وطبلون,لأصحاب المغاسل والورش,ضد غبار وأتربة قطر,منظف السيارات في الدوحة,منظف متعدد الأغراض من Briller بعبوة 20 لتر وتخفيف 1:5 لداخلية السيارة,رغوة آمنة على المقاعد والفرش والطبلون، صنع في كندا ومتوفر في متجرنا بالدوحة,توريد بالجملة والتجزئة لأصحاب المغاسل وورش التلميع في قطر,اطلب عرض السعر على واتساب، ونستقبلكم من السبت إلى الخميس والجمعة مغلق
ABK | Search | AR | Interior & Fragrance,AR - سيراميك الجلد والفينيل,Responsive search ad,Enabled,https://abktradingservice.com/ar/b2c/products/autotriz-leather-and-vinyl,ar,leather,سيراميك للجلد والفينيل,حماية جلد السيارة,حماية المقاعد الجلدية,سيراميك داخلية السيارة,حاجز طويل الأمد غير دهني,حماية من شمس قطر,عبوة 50 مل للجلد والفينيل,طلاء سيراميك Autotriz,متجر في مسيمير الدوحة,توريد للورش والمغاسل,اطلب عرض السعر على واتساب,حماية البلاستيك والفينيل,منتجات العناية بالسيارات,شراء سيراميك الجلد بقطر,بيع بالجملة والتجزئة,طلاء سيراميك للجلد والجلد الصناعي والفينيل والبلاستيك بعبوة 50 مل,حاجز حماية طويل الأمد بملمس غير دهني يقاوم حرارة قطر وأشعة الشمس,توريد بالتجزئة والجملة لأصحاب المغاسل وورش التلميع في قطر ودول الخليج,متوفر في متجرنا بمسيمير الدوحة، واطلب عرض السعر على واتساب
ABK | Search | AR | Interior & Fragrance,AR - حماية الأقمشة,Responsive search ad,Enabled,https://abktradingservice.com/ar/b2c/products/autotriz-fabric-textile-coating,ar,fabric,طلاء حماية الأقمشة,حماية أقمشة السيارة,حماية المقاعد القماشية,طارد للماء والبقع,حماية بتقنية النانو,للمفروشات والسجاد والأسقف,عبوة 300 مل للأقمشة,حماية أقمشة Autotriz,متجر في مسيمير الدوحة,توريد للورش والمغاسل,اطلب عرض السعر على واتساب,حماية الفرش من الغبار,شراء حماية الأقمشة بقطر,منتجات عناية بالسيارات,بيع بالجملة والتجزئة,طلاء حماية الأقمشة والمفروشات بتقنية النانو بعبوة 300 مل من Autotriz,يحمي المقاعد القماشية والسجاد والأسقف القماشية من البقع والغبار,توريد بالجملة والتجزئة، ومتوفر في متجرنا بمسيمير في الدوحة,اطلب عرض السعر على واتساب، ونستقبلكم من السبت إلى الخميس والجمعة مغلق
ABK | Search | AR | Interior & Fragrance,AR - معطرات المنزل ABK,Responsive search ad,Enabled,https://abktradingservice.com/ar/b2c/products?category=fragrance,ar,fragrance,معطرات المنزل من ABK,معطر مشموم من ABK,معطر منزل برائحة تدوم,معطرات منزل في الدوحة,خلطات ABK الحصرية,معطر للمنزل والمجلس,عطر فاخر للمنزل,معطرات منزل فاخرة,متجر في مسيمير الدوحة,اطلب عرض السعر على واتساب,رائحة تدوم طويلا بالمنزل,معطر منزل في قطر,زورونا في متجر مسيمير,معطر ABK Secret للمنزل,خلطتان حصريتان للمنزل,معطرات المنزل من ABK بخلطتي مشموم و Secret برائحة فاخرة تدوم طويلا,خلطات ABK الحصرية لتعطير المنزل والمجلس برائحة راقية تدوم طويلا,متوفرة في متجرنا بمسيمير في الدوحة من السبت إلى الخميس والجمعة مغلق,تواصل معنا على واتساب لمعرفة التوفر واطلب عرض السعر
ABK | Search | AR | Interior & Fragrance,AR - مزيل الملصقات,Responsive search ad,Enabled,https://abktradingservice.com/ar/b2c/products/detainer-sticker-remover,ar,sticker,مزيل الملصقات للسيارات,بخاخ مزيل اللاصق,مزيل الصمغ وبقايا اللاصق,مزيل ملصقات في الدوحة,عبوة 450 مل بخاخ,تغلغل سريع وتنظيف سهل,مزيل ملصقات Detainer,يزيل الستيكرات بسهولة,متجر في مسيمير الدوحة,توريد للورش والمغاسل,اطلب عرض السعر على واتساب,شراء مزيل ملصقات بقطر,مستلزمات تلميع السيارات,بيع بالجملة والتجزئة,منتجات عناية بالسيارات,بخاخ Detainer لإزالة الملصقات والمواد اللاصقة بعبوة 450 مل,يتغلغل بسرعة ويذيب الصمغ وبقايا الشريط اللاصق ثم يمسح بسهولة,متوفر في متجرنا بمسيمير في الدوحة، بيع بالتجزئة والجملة للورش,اطلب عرض السعر على واتساب، ونستقبلكم من السبت إلى الخميس والجمعة مغلق
ABK | Search | EN | Autotriz Compounds & Shampoo,Cutting Compound - Heavy Cut 901,Responsive search ad,Enabled,https://abktradingservice.com/en/b2c/products/autotriz-heavy-cut-901,compounds,heavy-cut,Autotriz Heavy Cut 901,Heavy Cut Compound in Doha,"Cutting Compound, Qatar",Removes P1500 Sanding Marks,Hologram-Free Heavy Cut,Stage 1 Cutting Compound,For Detailers & Body Shops,"Stocked in Mesaimeer, Doha",Trade & Retail Supply,WhatsApp for a Quote,"We Supply, You Polish",Pro Detailing Compound,Buy Autotriz Compounds,Cut Back Sanding Marks,Doha Car Care Supplier,Autotriz Heavy Cut 901 removes P1500 sanding marks and finishes hologram-free.,We supply the compound. Your own detailer or body shop does the polishing.,"Professional cutting compound stocked in Mesaimeer, Doha. Trade and retail buyers.","Message us on WhatsApp for stock and a quote. Open Sat to Thu, closed Friday."
ABK | Search | EN | Autotriz Compounds & Shampoo,Polishing Compound - Power Cut 701,Responsive search ad,Enabled,https://abktradingservice.com/en/b2c/products/autotriz-power-cut-701,compounds,power-cut,Autotriz Power Cut 701,"2-in-1 Cut & Polish, 4 L",Polishing Compound Qatar,Cut & Polish in One Pass,For Rotary & Dual Action,Made in Germany,Buy Compound in Doha,4 Litre Trade Jug,Pro-Grade Car Compound,For Detailers & Body Shops,Compound Supplier in Doha,Trade & Retail Supply,WhatsApp for a Quote,"Stocked in Mesaimeer, Doha","We Supply, You Polish","Autotriz Power Cut 701: a 2-in-1 cut and polish compound, made in Germany.",Cut and finish in one pass. Use it on a rotary or a dual action machine.,"4 litre jugs stocked in Mesaimeer, Doha. Your own technician does the work.",Ask on WhatsApp for a quote and current stock. Trade and retail supply.
ABK | Search | EN | Autotriz Compounds & Shampoo,Finishing Polish - Ultimate Polish 302,Responsive search ad,Enabled,https://abktradingservice.com/en/b2c/products/autotriz-ultimate-polish-302,polish,finishing,Autotriz Ultimate Polish,Ultimate Polish 302,"Finishing Polish, Qatar",Deep Wet-Look Gloss,Ideal for Dark Paintwork,Hologram-Free Finish,Stage 2 Finishing Polish,Body Shop Safe Polish,Buy Car Polish in Doha,For Detailers & Body Shops,"Stocked in Mesaimeer, Doha",Trade & Retail Supply,WhatsApp for a Quote,Pro Detailing Polish,Doha Car Care Supplier,"Autotriz Ultimate Polish 302: deep rich wet look, hologram-free, body shop safe.",Excellent on dark paintwork. Supplied as product from our Doha shop.,We supply the polish. Your own detailer runs the machine and does the work.,Walk in to our Mesaimeer shop or ask on WhatsApp for a quote. Sat to Thu.
ABK | Search | EN | Autotriz Compounds & Shampoo,One Step Polish - One Step Finish,Responsive search ad,Enabled,https://abktradingservice.com/en/b2c/products/autotriz-one-step-finish,polish,one-step,Autotriz One Step Finish,One Step Polish Compound,Removes Swirls & Scratches,"All-in-One Polish, 4 Litre","Rotary, DA or By Hand",Cut & Gloss in One Step,Buy Polish Compound Doha,For Detailers & Body Shops,Deep Glossy Finish,Saves a Polishing Stage,"Stocked in Mesaimeer, Doha",Trade & Retail Supply,WhatsApp for a Quote,Autotriz Polish in Qatar,Doha Car Care Supplier,Autotriz One Step Finish removes swirls and scratches and leaves a deep gloss.,"One 4 litre step instead of two. Use it on a rotary, a DA or by hand.",Product supply only. Your own detailer or body shop does the polishing.,"Stocked in Mesaimeer, Doha. Ask on WhatsApp for stock and a quote."
ABK | Search | EN | Autotriz Compounds & Shampoo,Rich Foam Shampoo - 20L Trade Pack,Responsive search ad,Enabled,https://abktradingservice.com/en/b2c/products/autotriz-rich-foam-shampoo,car-care,shampoo,Autotriz Nano Foam Shampoo,Snow Foam Shampoo Qatar,Safe for Coated Cars,Shampoo for PPF & Ceramic,Renews PPF Top Coat,Dilutes 1:80 With Water,20 Litre Trade Pack,Made in Germany,"Thick, Rich Foam Shampoo",Foam Cannon Shampoo Doha,For Car Washes & Detailers,Bulk Car Shampoo Supply,"Stocked in Mesaimeer, Doha",WhatsApp for a Quote,Buy Car Shampoo in Qatar,Autotriz Nano Rich Foam Shampoo: a nano coating shampoo that renews PPF top coat.,"Best for PPF and ceramic coated cars. Dilutes 1:80 with water, so a drum lasts.","20 litre packs for car washes, detailers and body shops. Made in Germany.","Stocked in Mesaimeer, Doha. Ask on WhatsApp for a quote on single or bulk packs."
ABK | Search | EN | Autotriz Compounds & Shampoo,Polishing Pads - GrunesAuto 6 Inch,Responsive search ad,Enabled,https://abktradingservice.com/en/b2c/products?category=accessories,polishing,pads,Polishing Pads in Qatar,6 Inch Foam Polishing Pads,"GrünesAuto, Made in Germany",Step 1 DA Cutting Pad,Step 2 Polishing Pad,Step 3 Finishing Pad,Rotary & DA Foam Pads,Hook & Loop Backing,"Cut, Polish, Finish Pads",Pads for Your Compounds,For Detailers & Body Shops,"Stocked in Mesaimeer, Doha",Trade & Retail Supply,WhatsApp for a Quote,"Buy Polishing Pads, Doha","GrünesAuto 6 inch foam polishing pads, made in Germany. Cut, polish and finish.","Step 1 cutting, step 2 polishing, step 3 finishing. Hook and loop backing.",Rotary and dual action pads for detailers and body shops. Pair them with your compound.,"Stocked in Mesaimeer, Doha. Ask on WhatsApp for stock and a quote. Sat to Thu."
ABK | Search | AR | Autotriz Compounds & Shampoo,AR - Heavy Cut 901,Responsive search ad,Enabled,https://abktradingservice.com/ar/b2c/products/autotriz-heavy-cut-901,ar,compounds,مركب قطع ثقيل للسيارات,معجون تلميع احترافي,يزيل آثار السنفرة P1500,لمعان عال بدون هالات,مركبات تلميع Autotriz,لورش السمكرة والمغاسل,متجر في مسيمير الدوحة,بيع بالجملة والتجزئة,اطلب عرض السعر على واتساب,نورد المواد لفنيي التلميع,معجون قطع مرحلة أولى,منتجات لأجواء قطر القاسية,مواد تلميع للمحترفين,متوفر في مخزننا بالدوحة,كمبوند قطع للسيارات,مركب قطع ثقيل من Autotriz يزيل آثار السنفرة P1500 ويعيد اللمعان بدون هالات,نورد المواد فقط، وأعمال التلميع يقوم بها فنيك أو ورشتك الخاصة,متوفر في متجرنا بمسيمير الدوحة، توريد للموزعين والورش والمغاسل,تواصل معنا على واتساب للاستفسار عن التوفر والحصول على عرض سعر
ABK | Search | AR | Autotriz Compounds & Shampoo,AR - Power Cut 701,Responsive search ad,Enabled,https://abktradingservice.com/ar/b2c/products/autotriz-power-cut-701,ar,compounds,مركب تلميع 2 في 1 للسيارات,قطع ولمعان في عملية واحدة,عبوة 4 لتر للمحترفين,صنع في ألمانيا,للبوليشر الدوار والمزدوج,مواد تلميع Autotriz,معجون تلميع سيارات,توريد للورش والمغاسل,متجر في مسيمير الدوحة,اطلب عرض السعر على واتساب,بيع بالجملة والتجزئة,كمبوند قطع وتلميع 4 لتر,نورد المواد لفنيي التلميع,مورد مواد تلميع في قطر,متوفر في مخزننا بالدوحة,مركب تلميع 2 في 1 من Autotriz يجمع بين القطع القوي واللمعان، صنع في ألمانيا,يعمل مع البوليشر الدوار والمزدوج، عبوة 4 لتر من مواد التلميع الاحترافية,نورد المواد للورش والمغاسل والمحترفين في قطر، بيع بالجملة والتجزئة,اطلب عرض السعر على واتساب واستفسر عن الكميات المتوفرة لدينا
ABK | Search | AR | Autotriz Compounds & Shampoo,AR - Ultimate Polish 302,Responsive search ad,Enabled,https://abktradingservice.com/ar/b2c/products/autotriz-ultimate-polish-302,ar,polish,ملمع نهائي للسيارات,مظهر رطب عميق ولامع,مثالي للسيارات الداكنة,خال من الهالات,ملمعات Autotriz,آمن لورش السمكرة,بوليش تشطيب نهائي,متجر في مسيمير الدوحة,اطلب عرض السعر على واتساب,توريد للورش والمغاسل,بيع بالجملة والتجزئة,نورد المواد لفنيي التلميع,ملمع سيارات احترافي,متوفر في مخزننا بالدوحة,لمعان عميق للطلاء الداكن,ملمع نهائي من Autotriz يمنح مظهرا رطبا عميقا، مثالي للسيارات ذات الطلاء الداكن,خال من الهالات وآمن للاستخدام في ورش السمكرة والتلميع الاحترافي,نورد المنتج فقط، وأعمال التلميع يقوم بها فنيك المختص أو ورشتك,متوفر في مسيمير بالدوحة من السبت الى الخميس، اطلب عرض السعر على واتساب
ABK | Search | AR | Autotriz Compounds & Shampoo,AR - One Step Finish,Responsive search ad,Enabled,https://abktradingservice.com/ar/b2c/products/autotriz-one-step-finish,ar,polish,ملمع خطوة واحدة,يزيل الدوامات والخدوش,عبوة 4 لتر شاملة,للاستخدام الآلي واليدوي,ملمعات Autotriz,قطع ولمعان في خطوة,متجر في مسيمير الدوحة,اطلب عرض السعر على واتساب,توريد للورش والمغاسل,بيع بالجملة والتجزئة,نورد المواد لفنيي التلميع,بوليش شامل للمحترفين,متوفر في مخزننا بالدوحة,يوفر خطوة من التلميع,مزيل خدوش ودوامات,ملمع خطوة واحدة من Autotriz يزيل الدوامات والخدوش ويمنح لمعانا عميقا,عبوة 4 لتر تصلح للماكينة الدوارة وللماكينة نصف الدوارة وللاستخدام اليدوي,توفير خطوة كاملة في أعمال التلميع، منتج للمحترفين وأصحاب الورش والمغاسل,متوفر في متجرنا بمسيمير الدوحة، تواصل على واتساب للحصول على عرض سعر
ABK | Search | AR | Autotriz Compounds & Shampoo,AR - Rich Foam Shampoo,Responsive search ad,Enabled,https://abktradingservice.com/ar/b2c/products/autotriz-rich-foam-shampoo,ar,shampoo,شامبو نانو رغوي للسيارات,آمن على طلاء السيراميك,مناسب لأفلام الحماية PPF,يجدد الطبقة العلوية للفيلم,تخفيف 1:80 مع الماء,اقتصادي جدا في الاستخدام,عبوة 20 لتر للمغاسل,صنع في ألمانيا,رغوة غنية وكثيفة,شامبو سيارات Autotriz,لمغاسل السيارات والورش,متجر في مسيمير الدوحة,اطلب عرض السعر على واتساب,بيع بالجملة والتجزئة,يعمل مع مدفع الرغوة,شامبو نانو رغوي غني من Autotriz يجدد الطبقة العلوية لأفلام الحماية، صنع في ألمانيا,مناسب للسيارات المطلية بالسيراميك والمغطاة بأفلام الحماية، تخفيف 1:80 مع الماء,متوفر في متجرنا بمسيمير الدوحة، عبوة 20 لتر للمغاسل والورش والموزعين,اطلب عرض السعر على واتساب واستفسر عن الكميات المتوفرة لدينا
ABK | Search | AR | Autotriz Compounds & Shampoo,AR - Polishing Pads,Responsive search ad,Enabled,https://abktradingservice.com/ar/b2c/products?category=accessories,ar,pads,فوم بوليش للسيارات,اسفنج تلميع 6 انش,وسادات تلميع صناعة ألمانية,وسادة قص للخطوة الأولى,وسادة تلميع للخطوة الثانية,وسادة تشطيب للخطوة الثالثة,للبوليشر الدوار والمزدوج,تثبيت فيلكرو سريع,مقاس 6 انش 150 مم,لورش السمكرة والمغاسل,متجر في مسيمير الدوحة,اطلب عرض السعر على واتساب,بيع بالجملة والتجزئة,فوم تلميع مع مركبات القطع,متوفر في مخزننا بالدوحة,وسادات تلميع فوم مقاس 6 انش بصناعة ألمانية للقص والتلميع والتشطيب النهائي,وسادة قص للخطوة الأولى ووسادة تلميع للخطوة الثانية ووسادة تشطيب للخطوة الثالثة,تناسب البوليشر الدوار والمزدوج بتثبيت فيلكرو، للورش والمغاسل والمحترفين في قطر,متوفرة في متجرنا بمسيمير الدوحة، اطلب عرض السعر على واتساب، والجمعة مغلق
ABK | Search | EN | VTEK PPF & Window Film,VTEK Weather Armor ULTIMATE,Responsive search ad,Enabled,https://abktradingservice.com/en/b2c/products/vtek-ppf-weather-armor-ultimate,ppf,ultimate,VTEK Weather Armor ULTIMATE,7.5 mil Polycarbonate PPF,Flagship Paint Protection,Ultra-Gloss High Depth Film,Instant Heat Self-Healing,Hydrophobic Top-Coat Film,15-Year Warranty on Film,Beats Desert Sand and UV,Buy VTEK PPF in Doha,PPF Film Sold by the Roll,"We Supply, You Fit",Stocked in Mesaimeer Doha,Ask on WhatsApp for Stock,For Detailers & Body Shops,Top VTEK PPF Grade,VTEK Weather Armor ULTIMATE: 7.5 mil Polycarbonate TPU paint protection film.,"Instant heat self-healing and a hydrophobic top-coat. 15-year warranty, Made in USA.","Resists extreme UV, desert sand, road salts and chemicals. Ultra-gloss depth.",We supply the film only; your own trained fitter applies it. WhatsApp for a quote.
ABK | Search | EN | VTEK PPF & Window Film,VTEK Weather Armor PRO,Responsive search ad,Enabled,https://abktradingservice.com/en/b2c/products/vtek-ppf-weather-armor-pro,ppf,pro,VTEK Weather Armor PRO,7.5 mil Aliphatic TPU PPF,High Optical Clarity Gloss,Heat-Activated Self-Heal,10-Year Warranty on PPF,Value Gloss PPF by VTEK,"Smooth, Flexible Film",Buy PPF Film in Doha,"PPF Rolls, Cut to Size",Proven Everyday PPF,"We Supply, You Fit",Trade & Retail PPF Supply,Stocked in Mesaimeer Doha,WhatsApp Us for a Quote,Gloss PPF Film Supplier,VTEK Weather Armor PRO: 7.5 mil high-grade aliphatic TPU paint protection film.,High optical clarity gloss with a heat-activated self-healing nano-coat.,Balanced flexibility keeps it smooth to handle. Backed by a 10-year warranty.,We supply film only; your own fitter applies it. WhatsApp us for stock and a quote.
ABK | Search | EN | VTEK PPF & Window Film,VTEK Weather Armor MATTE,Responsive search ad,Enabled,https://abktradingservice.com/en/b2c/products/vtek-ppf-weather-armor-matte,ppf,matte,VTEK Weather Armor MATTE,Satin Matte PPF Film,Non-Reflective Matte Look,8 mil Aliphatic Matte TPU,Self-Healing Satin Coat,Grime Shield Top-Coat,Resists UV & Desert Sand,"Matte Look, Paint Guarded","Low Upkeep, Easy Wash",Buy Matte PPF in Doha,Matte Film by the Roll,"We Supply, You Fit",Stocked in Mesaimeer Doha,Ask on WhatsApp for Stock,Matte PPF Film Supplier,"VTEK Weather Armor MATTE: satin matte, non-reflective 8 mil aliphatic TPU film.","Self-healing satin top-coat with a grime shield. Low maintenance, easy to wash.",Take any paint colour to satin matte while the film guards it. 5-year warranty.,Film by the roll or cut to size; your own fitter applies it. WhatsApp us for stock.
ABK | Search | EN | VTEK PPF & Window Film,VTEK Weather Armor PRISM - Colour PPF,Responsive search ad,Enabled,https://abktradingservice.com/en/b2c/products/vtek-ppf-weather-armor-prism,ppf,colour,VTEK Weather Armor PRISM,"Colour PPF, Six Finishes",Recolour and Guard Paint,Nardo Grey Colour PPF,Gloss Piano Black Film,Pearl White & Matte Black,Metallic Blue Colour Film,Satin Metals Colour PPF,8.5 mil Colour TPU Film,"New Colour, No Respray",Guards Chips and Stains,Extreme Weather Adhesive,"We Supply, You Fit",Buy Colour PPF in Doha,Ask on WhatsApp for Stock,VTEK Weather Armor PRISM colour PPF: restyle the car and shield the paint under it.,"Gloss piano black, matte black, Nardo grey, metallic blue, pearl white, satin.",8.5 mil colour TPU on a high-stability extreme weather adhesive. 5-year warranty.,"Film only, supplied from Mesaimeer Doha; your fitter applies it. WhatsApp us."
ABK | Search | EN | VTEK PPF & Window Film,VTEK Solar Armor Window Film,Responsive search ad,Enabled,https://abktradingservice.com/en/b2c/products/vtek-window-tints,window-film,vtek,VTEK Solar Armor Tints,Solar Armor VUE Series,GRX Nano-Ceramic Tint,Cuts Burning Solar Heat,HD Clarity and Anti-Glare,Nano Window Film Rolls,MOI Compliant Grades,Grades to Suit Qatar Law,10-Year e-Warranty,Buy Tint Film in Doha,Window Film by the Roll,Supplied Cut to Size,"We Supply, You Fit",For Tint Shops & Traders,Ask on WhatsApp for Stock,"VTEK Solar Armor VUE nano-ceramic window film, supplied from our Doha store.",Advanced GRX nano-ceramic cuts solar heat and glare. 10-year e-warranty.,MOI compliant grades available. Ask us which grade suits your car and glass.,We supply the film only and do not tint cars. WhatsApp us for grades and a quote.
ABK | Search | EN | VTEK PPF & Window Film,PPF & Tint Film Wholesale - Trade,Responsive search ad,Enabled,https://abktradingservice.com/en/b2b,wholesale,ppf-tint,VTEK PPF & Tint Wholesale,"We Supply, We Don't Fit",Film Supply for Installers,Trade Film Rolls in Doha,VTEK Film Distributor,Rolls for Detail Shops,Four PPF Grades in Stock,"Gloss, Matte and Colour",Solar Armor Tint Rolls,Stock Held in Qatar,No Import Wait for Rolls,Dealer Enquiries Welcome,Become a VTEK Stockist,WhatsApp for Trade Supply,Supply for Body Shops,Wholesale VTEK paint protection and window film for Qatar shops and detailers.,"We supply film only and never fit it, so we never compete with your workshop.","Four PPF grades plus Solar Armor tint, held in Mesaimeer Doha. No import wait.","Trade and dealer enquiries on WhatsApp. Open Sat to Thu, closed on Friday."
ABK | Search | AR | VTEK PPF & Window Film,VTEK Weather Armor ULTIMATE - AR,Responsive search ad,Enabled,https://abktradingservice.com/ar/b2c/products/vtek-ppf-weather-armor-ultimate,ar-ppf,ultimate,فيلم حماية الطلاء ULTIMATE,أفلام VTEK لحماية الطلاء,سماكة 7.5 مل بولي كربونات,لمعان فائق وعمق عالي,إصلاح ذاتي فوري بالحرارة,طبقة علوية طاردة للماء,ضمان 15 سنة من المصنع,مقاوم لرمال الصحراء,مقاوم للأشعة والأملاح,رولات فيلم حماية الطلاء,نورد الفيلم وفنيك ينفذه,متوفر في مسيمير الدوحة,اطلب عرض السعر بواتساب,توريد للورش والمغاسل,أعلى فئة من أفلام VTEK,فيلم VTEK Weather Armor ULTIMATE من بولي كربونات TPU بسماكة 7.5 مل، صناعة أمريكية,إصلاح ذاتي فوري بالحرارة وطبقة علوية طاردة للماء مع ضمان 15 سنة من المصنع,يقاوم الأشعة فوق البنفسجية ورمال الصحراء والأملاح والمواد الكيميائية,نورد الفيلم فقط والتنفيذ يعود لفنيك المدرب، تواصل على واتساب لعرض السعر
ABK | Search | AR | VTEK PPF & Window Film,VTEK Weather Armor PRO - AR,Responsive search ad,Enabled,https://abktradingservice.com/ar/b2c/products/vtek-ppf-weather-armor-pro,ar-ppf,pro,فيلم حماية الطلاء PRO,سماكة 7.5 مل TPU أليفاتيك,لمعان بصري عالي النقاء,إصلاح ذاتي بتنشيط الحرارة,ضمان 10 سنوات على المنتج,أفلام VTEK لحماية الطلاء,مرونة متوازنة وسهولة عمل,رولات فيلم حماية لامع,شراء فيلم حماية بالدوحة,يقص حسب المقاس المطلوب,نورد الفيلم وفنيك ينفذه,متوفر في مسيمير الدوحة,توريد بالجملة والمفرق,اطلب عرض السعر بواتساب,مورد أفلام الحماية بقطر,فيلم VTEK Weather Armor PRO من TPU أليفاتيك عالي الجودة بسماكة 7.5 مل,لمعان بصري عالي النقاء مع طبقة نانو ذاتية الإصلاح تنشط بالحرارة,مرونة متوازنة تسهل التعامل مع الفيلم، مع ضمان عشر سنوات على المنتج,نورد الفيلم فقط والتنفيذ يعود لفنيك الخاص، تواصل على واتساب لمعرفة التوفر
ABK | Search | AR | VTEK PPF & Window Film,VTEK Weather Armor MATTE - AR,Responsive search ad,Enabled,https://abktradingservice.com/ar/b2c/products/vtek-ppf-weather-armor-matte,ar-ppf,matte,فيلم حماية مطفي MATTE,تشطيب ساتان مطفي غير عاكس,أفلام VTEK المطفية,سماكة 8 مل TPU أليفاتيك,طبقة ساتان ذاتية الإصلاح,درع يقاوم الأوساخ,مقاوم للشمس ورمال الصحراء,مظهر مطفي وحماية للطلاء,صيانة أقل وغسيل أسهل,رولات فيلم حماية مطفي,شراء فيلم مطفي بالدوحة,نورد الفيلم وفنيك ينفذه,متوفر في مسيمير الدوحة,اطلب عرض السعر بواتساب,مورد الأفلام المطفية,فيلم VTEK Weather Armor MATTE بتشطيب ساتان مطفي غير عاكس وسماكة 8 مل,طبقة ساتان ذاتية الإصلاح مع درع يقاوم الأوساخ، صيانة أقل وغسيل أسهل,يمنح السيارة مظهرا مطفيا مع حماية الطلاء الأصلي وضمان خمس سنوات,يورد بالرول أو مقصوصا حسب المقاس والتنفيذ يعود لفنيك، تواصل بواتساب
ABK | Search | AR | VTEK PPF & Window Film,VTEK Weather Armor PRISM - AR,Responsive search ad,Enabled,https://abktradingservice.com/ar/b2c/products/vtek-ppf-weather-armor-prism,ar-ppf,colour,فيلم حماية ملون PRISM,غير لون سيارتك بالفيلم,ألوان لامعة ومطفية,أسود بيانو لامع,رمادي ناردو للسيارات,أبيض لؤلؤي وأزرق معدني,أسود مطفي وساتان معدني,سماكة 8.5 مل TPU ملون,لون جديد وحماية للطلاء,لاصق يتحمل أقسى الأجواء,حماية من الخدوش والبقع,بدون صبغ أو دهان,نورد الفيلم وفنيك ينفذه,شراء فيلم ملون بالدوحة,اطلب عرض السعر بواتساب,فيلم VTEK Weather Armor PRISM الملون يغير مظهر سيارتك ويحمي طلاءها الأصلي,أسود بيانو لامع وأسود مطفي ورمادي ناردو وأزرق معدني وأبيض لؤلؤي وساتان,سماكة 8.5 مل من TPU الملون بلاصق يتحمل أقسى الأجواء وضمان 5 سنوات,نورد الفيلم من مسيمير بالدوحة والتنفيذ يعود لفنيك، تواصل على واتساب
ABK | Search | AR | VTEK PPF & Window Film,VTEK Solar Armor - أفلام التظليل,Responsive search ad,Enabled,https://abktradingservice.com/ar/b2c/products/vtek-window-tints,ar-tint,vtek,أفلام تظليل VTEK للسيارات,سلسلة VUE من Solar Armor,نانو سيراميك GRX متطور,يقلل حرارة الشمس الشديدة,وضوح فائق ومقاومة الوهج,رولات أفلام عزل حراري,درجات متوافقة مع أنظمة قطر,متوافقة مع تعليمات المرور,ضمان إلكتروني 10 سنوات,شراء فيلم تظليل بالدوحة,تورد مقصوصة حسب المقاس,نورد الفيلم وفنيك ينفذه,توريد لمحلات التظليل,متوفر في مسيمير الدوحة,اسأل عن الدرجات بواتساب,أفلام VTEK Solar Armor VUE نانو سيراميك تورد من متجرنا في الدوحة,نانو سيراميك GRX المتقدم يقلل حرارة الشمس والوهج مع ضمان إلكتروني 10 سنوات,تتوفر درجات متوافقة مع قانون المرور القطري، اسألنا عن الدرجة المناسبة لسيارتك,نورد الفيلم فقط ولا ننفذ أي أعمال على السيارة، تواصل على واتساب للاستفسار
ABK | Search | AR | VTEK PPF & Window Film,الجملة والتوزيع - أفلام,Responsive search ad,Enabled,https://abktradingservice.com/ar/b2b,ar-wholesale,ppf-tint,أفلام حماية وتظليل بالجملة,نورد ولا ننافس ورشتك,توريد للورش والمغاسل,رولات أفلام VTEK,أربع درجات حماية بالمخزن,لامع ومطفي وملون,رولات أفلام عزل حراري,مخزون جاهز في الدوحة,بدون انتظار شحن خارجي,استفسارات الموزعين,كن موزعا لأفلام VTEK,توريد لمحلات التظليل,تواصل معنا على واتساب,توريد تجاري من مسيمير,توريد للمحترفين في قطر,توريد أفلام VTEK لحماية الطلاء والتظليل بالجملة لورش ومغاسل قطر والخليج,نورد المنتج فقط ولا ننفذ أي أعمال، فنحن لا ننافس ورشتك على عملائها,أربع درجات لأفلام الحماية مع أفلام Solar Armor، مخزون جاهز في مسيمير,استفسارات الموزعين والمحلات على واتساب، من السبت إلى الخميس والجمعة مغلق
ABK | Search | EN | Briller Wash Care Chemicals,EN Car Shampoo - Wash & Wax,Responsive search ad,Enabled,https://abktradingservice.com/en/b2c/products/briller-wash-and-wax,car-care,shampoo,Car Shampoo in Doha,Briller Wash & Wax Shampoo,Car Shampoo Supply in Qatar,Made in Canada Car Shampoo,20 L Wash & Wax Concentrate,"Concentrate, Dilutes 1:50",Wash and Wax in One Step,Stocked in Mesaimeer Doha,For Car Washes and Detailers,Bulk Car Shampoo Supply,WhatsApp Us for a Quote,"High Gloss, Water Beading",Cuts Through Qatar Dust,Walk In to Our Doha Shop,Trade and Retail Supply,"Briller Wash & Wax car shampoo, made in Canada. A 20 L concentrate that dilutes 1:50.","One step wash and wax for a high gloss, water beading finish on any paint colour.",Stocked at our Mesaimeer shop in Doha. Message us on WhatsApp for a quote.,"Trade and retail supply for car washes, detailers and body shops across Qatar."
ABK | Search | EN | Briller Wash Care Chemicals,EN Tyre Shine & Tyre Foam,Responsive search ad,Enabled,https://abktradingservice.com/en/b2c/products?category=tyre,car-care,tyre-shine,Tyre Shine in Doha,Briller Quick Tyre Shine,Smart Car Tyre Foam,Tyre Shine Spray in Qatar,"Briller, Made in Canada",20 L Tyre Shine Supply,Spray On and Walk Away,Peak Shine for Tyres,For Car Washes in Qatar,Bulk Tyre Care Supply,WhatsApp Us for a Quote,Stocked in Mesaimeer Doha,For Qatar Sun and Dust,Aqua Based Tyre Shine,Trade and Retail Supply,"Briller Quick Tyre Shine in 20 L and Smart Car Tyre Foam in 650 ml, stocked in Doha.","Aqua based shine inside and out, plus a hands free foam you spray and leave.",Briller tyre shine is made in Canada. Walk in to our Mesaimeer shop in Doha.,"Supplying car washes, detailers and drivers in Qatar. Ask us on WhatsApp."
ABK | Search | EN | Briller Wash Care Chemicals,EN Car Glass Cleaner,Responsive search ad,Enabled,https://abktradingservice.com/en/b2c/products/briller-glass-cleaner,car-care,glass-cleaner,Car Glass Cleaner Qatar,Briller Glass Cleaner,Streak Free Glass Cleaner,Glass Cleaner in Doha,Made in Canada Formula,20 L Glass Cleaner Drum,Windscreen Cleaner Supply,Use Direct or Dilute 1:1,For Car Washes and Detailers,Clear View in Qatar Dust,WhatsApp Us for a Quote,Stocked in Mesaimeer Doha,Bulk Glass Cleaner Supply,"No Streaks, No Residue",Trade and Retail Supply,"Briller Glass Cleaner, made in Canada. A 20 L drum, used direct or diluted 1:1.","Streak free glass and windscreen cleaning, even after Qatar dust and hard water.",Stocked at our Mesaimeer shop in Doha. Message us on WhatsApp for a quote.,"Supply for car washes, detailing shops and drivers who want a clear finish."
ABK | Search | EN | Briller Wash Care Chemicals,EN Interior & Multipurpose Cleaner,Responsive search ad,Enabled,https://abktradingservice.com/en/b2c/products/briller-multipurpose-cleaner,car-care,interior,Car Interior Cleaner Doha,Briller Multipurpose Cleaner,All Purpose Cleaner Qatar,Interior Safe Foam Cleaner,Made in Canada Cleaner,20 L APC Concentrate,Dilutes 1:5 for Interiors,"Seats, Trim and Carpets",For Car Washes and Detailers,Bulk Interior Cleaner,WhatsApp Us for a Quote,Stocked in Mesaimeer Doha,Lifts Qatar Dust and Grime,Foaming Cleaner for Cabins,Trade and Retail Supply,"Briller Multipurpose Cleaner, made in Canada. A 20 L concentrate that dilutes 1:5.","Interior safe foaming cleaner for seats, trim, carpets and hard surfaces.","Stocked in Mesaimeer, Doha. Ask on WhatsApp for a quote and current stock.","One concentrate for the whole cabin, supplied to car washes and detailers."
ABK | Search | EN | Briller Wash Care Chemicals,EN Trim & Interior Dressing,Responsive search ad,Enabled,https://abktradingservice.com/en/b2c/products/briller-quick-dressing,car-care,dressing,Car Trim Dressing Qatar,Briller Quick Dressing,Interior Dressing in Doha,"Engine Bay Dressing, 20 L",Made in Canada Dressing,Dilutes 1:1 From 20 L,Aqua Based All in One,Shine for Trim and Vinyl,For Detailers and Car Washes,Bulk Dressing Supply,WhatsApp Us for a Quote,Stocked in Mesaimeer Doha,For Qatar Sun and Heat,"One Dressing, Many Uses",Trade and Retail Supply,"Briller Quick Dressing, made in Canada. Aqua based, 20 L, dilutes 1:1.","Peak shine for interior trim, engine bays and tyres from one concentrate.",Stocked at our Mesaimeer shop in Doha. Message us on WhatsApp for a quote.,"Supplied to detailers, car washes and drivers who want a lasting finish."
ABK | Search | EN | Briller Wash Care Chemicals,EN Heavy Duty Degreaser,Responsive search ad,Enabled,https://abktradingservice.com/en/b2c/products/briller-heavy-duty-degreaser,car-care,degreaser,Heavy Duty Degreaser Qatar,Briller Heavy Duty Degreaser,Degreaser Supply in Doha,Made in Canada Degreaser,20 L Degreaser Drum,"Concentrate, Dilutes 1:5","Cuts Grease, Oil and Rust",Removes Tough Stains,All in One CA Tech Formula,For Car Washes and Garages,WhatsApp Us for a Quote,Stocked in Mesaimeer Doha,Bulk Degreaser Supply,Engine Bay and Workshop Use,Trade and Retail Supply,"Briller Heavy Duty Degreaser, made in Canada. A 20 L concentrate that dilutes 1:5.","Cuts through tough stains, heavy grease, engine oil and rust with All in One CA Tech.",Stocked at our Mesaimeer shop in Doha. Message us on WhatsApp for a quote.,"Supplied in 20 L drums to car washes, workshops and garages across Qatar."
ABK | Search | EN | Briller Wash Care Chemicals,EN Alloy Wheel & Rim Cleaner,Responsive search ad,Enabled,https://abktradingservice.com/en/b2c/products/autotriz-hyper-wheel-cleaner,car-care,wheel-cleaner,Alloy Wheel Cleaner Qatar,Autotriz Hyper Wheel Cleaner,Wheel Cleaner in Doha,Made in Germany Formula,20 L Wheel Cleaner Drum,"Concentrate, Dilutes 1:1",Non Caustic Wheel Cleaner,With Rust Inhibitors,Safe on Chrome and Painted,For Clear Coated Wheels,WhatsApp Us for a Quote,Stocked in Mesaimeer Doha,Bulk Wheel Cleaner Supply,Rim Cleaner for Car Washes,Trade and Retail Supply,"Autotriz Hyper Wheel Cleaner, made in Germany. A 20 L drum that dilutes 1:1.","Non caustic, with rust inhibitors. Safe on chrome, painted and clear coated wheels.",Stocked at our Mesaimeer shop in Doha. Message us on WhatsApp for a quote.,"Bulk wheel and rim cleaner for car washes, detailers and workshops in Qatar."
ABK | Search | AR | Briller Wash Care Chemicals,AR Car Shampoo - Wash & Wax,Responsive search ad,Enabled,https://abktradingservice.com/ar/b2c/products/briller-wash-and-wax,ar,shampoo,شامبو سيارات في الدوحة,شامبو وشمع Briller,شامبو مركز بتخفيف 1:50,شامبو سيارات صنع في كندا,عبوة 20 لتر للمغاسل,غسيل وتشميع بخطوة واحدة,توريد للورش والمغاسل,منتجات لأجواء قطر القاسية,اطلب عرض السعر على واتساب,تواصل معنا على واتساب,متجر في مسيمير الدوحة,شامبو سيارات بالجملة,لمعان عالي وطرد للماء,مواد غسيل سيارات بالجملة,شامبو غسيل وتشميع للسيارات,شامبو Briller للغسيل والتشميع صنع في كندا، عبوة 20 لتر بتخفيف 1:50,غسيل وتشميع في خطوة واحدة يمنح لمعانا عاليا وطردا للماء على كل السيارات,متوفر في متجرنا بمسيمير الدوحة، تواصل معنا على واتساب لطلب عرض السعر,توريد بالجملة والتجزئة لمغاسل السيارات وورش التلميع في قطر
ABK | Search | AR | Briller Wash Care Chemicals,AR Tyre Shine & Tyre Foam,Responsive search ad,Enabled,https://abktradingservice.com/ar/b2c/products?category=tyre,ar,tyre-shine,ملمع إطارات في الدوحة,ملمع الإطارات السريع,رغوة إطارات بدون لمس,ملمع إطارات صنع في كندا,عبوة 20 لتر للمغاسل,لمعان أسود يدوم طويلا,توريد للورش والمغاسل,لأجواء قطر من شمس وغبار,اطلب عرض السعر على واتساب,تواصل معنا على واتساب,متجر في مسيمير الدوحة,ملمع إطارات بالجملة,رغوة إطارات Smart Car,ملمع إطارات Briller,منتجات عناية بالسيارات,ملمع الإطارات السريع من Briller صنع في كندا، عبوة 20 لتر مائية القاعدة,رغوة إطارات Smart Car بعبوة 650 مل، ترش وتترك دون مسح أو شطف,لمعان فائق للإطارات والأجزاء المطاطية يناسب أجواء قطر من شمس وغبار,متوفر في مسيمير الدوحة للمغاسل والأفراد، اطلب عرض السعر على واتساب
ABK | Search | AR | Briller Wash Care Chemicals,AR Car Glass Cleaner,Responsive search ad,Enabled,https://abktradingservice.com/ar/b2c/products/briller-glass-cleaner,ar,glass-cleaner,منظف زجاج السيارات,منظف زجاج في الدوحة,منظف زجاج بدون أثر,منظف زجاج صنع في كندا,عبوة 20 لتر للمغاسل,يستخدم مباشرة أو بتخفيف 1:1,توريد للورش والمغاسل,رؤية صافية رغم الغبار,اطلب عرض السعر على واتساب,تواصل معنا على واتساب,متجر في مسيمير الدوحة,منظف زجاج بالجملة,منظف زجاج Briller,للمغاسل وورش التلميع,منظف الزجاج الأمامي,منظف زجاج Briller صنع في كندا، عبوة 20 لتر يستخدم مباشرة أو بتخفيف 1:1,تنظيف زجاج السيارة دون خطوط أو بقايا حتى بعد غبار قطر والماء العسر,متوفر في متجرنا بمسيمير الدوحة، تواصل معنا على واتساب لطلب عرض السعر,توريد لمغاسل السيارات وورش التلميع والأفراد في الدوحة وكل قطر
ABK | Search | AR | Briller Wash Care Chemicals,AR Interior & Multipurpose Cleaner,Responsive search ad,Enabled,https://abktradingservice.com/ar/b2c/products/briller-multipurpose-cleaner,ar,interior,منظف متعدد الأغراض,منظف داخلية السيارة,منظف مركز بتخفيف 1:5,منظف صنع في كندا,عبوة 20 لتر للمغاسل,آمن على المقاعد والفرش,توريد للورش والمغاسل,يزيل غبار قطر والأوساخ,اطلب عرض السعر على واتساب,تواصل معنا على واتساب,متجر في مسيمير الدوحة,منظف سيارات بالجملة,منظف رغوي للداخلية,منظف الطبلون والمقاعد,منظف الأغراض Briller,منظف متعدد الأغراض من Briller صنع في كندا، عبوة 20 لتر بتخفيف 1:5,منظف رغوي آمن على المقاعد والفرش والطبلون والأسطح الداخلية للسيارة,عبوة واحدة مركزة تكفي تنظيف الداخلية بالكامل للمغاسل وورش التلميع,متوفر في مسيمير الدوحة، تواصل معنا على واتساب لطلب عرض السعر والتوفر
ABK | Search | AR | Briller Wash Care Chemicals,AR Trim & Interior Dressing,Responsive search ad,Enabled,https://abktradingservice.com/ar/b2c/products/briller-quick-dressing,ar,dressing,ملمع داخلية السيارة,ملمع سريع متعدد الاستخدام,ملمع مائي بتخفيف 1:1,ملمع صنع في كندا,عبوة 20 لتر للمغاسل,لمعان للطبلون والمحرك,توريد للورش والمغاسل,ملمع لأجواء قطر القاسية,اطلب عرض السعر على واتساب,تواصل معنا على واتساب,متجر في مسيمير الدوحة,ملمع سيارات بالجملة,ملمع سريع Briller,ملمع بلاستيك وفينيل,للمغاسل وورش التلميع,ملمع Briller السريع صنع في كندا، مائي القاعدة بعبوة 20 لتر بتخفيف 1:1,لمعان فائق للداخلية والمحرك والإطارات من عبوة واحدة متعددة الاستخدام,متوفر في متجرنا بمسيمير الدوحة، تواصل معنا على واتساب لطلب عرض السعر,توريد لمغاسل السيارات وورش التلميع والأفراد في قطر بالجملة والتجزئة
ABK | Search | AR | Briller Wash Care Chemicals,AR Heavy Duty Degreaser,Responsive search ad,Enabled,https://abktradingservice.com/ar/b2c/products/briller-heavy-duty-degreaser,ar,degreaser,مزيل الشحوم للسيارات,مزيل شحوم عالي الفعالية,مزيل شحوم في الدوحة,مزيل شحوم صنع في كندا,عبوة 20 لتر للمغاسل,مزيل شحوم مركز بتخفيف 1:5,يزيل الشحوم وزيوت المحركات,يزيل البقع الصعبة والصدأ,بتقنية All in One CA Tech,توريد للورش والمغاسل,اطلب عرض السعر على واتساب,متجر في مسيمير الدوحة,مزيل شحوم بالجملة,منظف محركات للسيارات,توريد بالجملة والتجزئة,مزيل الشحوم عالي الفعالية من Briller صنع في كندا، عبوة 20 لتر بتخفيف 1:5,يزيل البقع الصعبة والشحوم الثقيلة وزيوت المحركات والصدأ بتقنية All in One CA Tech,متوفر في متجرنا بمسيمير الدوحة، تواصل معنا على واتساب لطلب عرض السعر,توريد بالجملة والتجزئة لمغاسل السيارات والورش في الدوحة وكل قطر
ABK | Search | AR | Briller Wash Care Chemicals,AR Alloy Wheel & Rim Cleaner,Responsive search ad,Enabled,https://abktradingservice.com/ar/b2c/products/autotriz-hyper-wheel-cleaner,ar,wheel-cleaner,منظف جنوط السيارات,منظف جنوط في الدوحة,منظف جنوط غير كاوي,منظف جنوط صنع في ألمانيا,عبوة 20 لتر للمغاسل,منظف مركز بتخفيف 1:1,بمانع للصدأ وآمن على الجنوط,آمن على الكروم والمطلية,للجنوط المطلية والمحمية,توريد للورش والمغاسل,اطلب عرض السعر على واتساب,متجر في مسيمير الدوحة,منظف جنوط بالجملة,منظف جنوط Autotriz,منظف عجلات احترافي,منظف الجنوط Autotriz صنع في ألمانيا، عبوة 20 لتر بتخفيف 1:1,تركيبة غير كاوية مع مانع للصدأ، آمنة على الكروم والجنوط المطلية والمحمية,متوفر في متجرنا بمسيمير الدوحة، تواصل معنا على واتساب لطلب عرض السعر,توريد بالجملة والتجزئة لمغاسل السيارات وورش التلميع في قطر
