Language,Scope,Callout text
English,Account,Wholesale & Retail
English,Account,Doha Showroom
English,Account,WhatsApp for a Quote
English,Account,Trade Accounts Welcome
English,Account,Genuine Brand Stock
English,Account,Open Six Days a Week
English,Account,Bulk 20L Sizes
English,Account,Delivery Across Qatar
Arabic,Account,بيع بالجملة والتجزئة
Arabic,Account,معرض في الدوحة
Arabic,Account,اطلب السعر عبر واتساب
Arabic,Account,حسابات تجارية
Arabic,Account,منتجات أصلية
Arabic,Account,مفتوح ٦ أيام أسبوعياً
Arabic,Account,عبوات ٢٠ لتر
Arabic,Account,توصيل داخل قطر
English,ABK | Search | EN | Briller Wash Care Chemicals,Made in Canada
English,ABK | Search | AR | Briller Wash Care Chemicals,Made in Canada
Arabic,ABK | Search | EN | Briller Wash Care Chemicals,صُنع في كندا
Arabic,ABK | Search | AR | Briller Wash Care Chemicals,صُنع في كندا
